semi,clsno,clsfor,clsName,clsRoom,clsOpt,start,end,week,hour,crid,teacher,sch_type
1081,D6115,企管五乙,企業管理綜合個案研究 (學年),(7606),必,5,7,星期一,3,3,賴明弘,1
1081,D6113,企管五乙,財務規劃與預測,(7418),必,2,4,星期一,3,3,王朝仕,1
1081,D6189,國貿五甲,商用英文習作 (學年),(3805),必,1,2,星期一,2,1,林慧洙,1
1081,D6186,國貿五甲,國際貿易個案研究,(3805),必,3,4,星期一,2,1,郭美韶,1
1081,D6187,國貿五甲,國際行銷概論,(3805),必,6,8,星期一,3,3,黃彥智,1
1081,D6313,會資五甲,稅務法規與申報實務 (學年),(7402),必,2,4,星期一,3,3,蔡京姐,1
1081,D6314,會資五甲,審計學 (學年),(7308),必,8,8,星期一,4,4,溫宜潔,1
1081,D6312,會資五甲,應用微積分 (學年) (另併１班),(7403),選,5,7,星期一,3,3,詹明華,1
1081,D6329,會資五乙,審計學 (學年),(5207),必,1,4,星期一,4,4,盧丕喬,1
1081,D6518,日語五甲,日本企業組織與管理,(3608),必,7,8,星期一,2,2,張銘今,1
1081,D6526,日語五甲,新聞英語 (學年),(3608),選,5,6,星期一,2,2,廖家弘,1
1081,D6787,保金五甲,社會保險,(7505),必,6,8,星期一,3,3,謝淑慧,1
1081,D6808,保金五乙,國際金融與匯兌,(7702),必,2,4,星期一,3,3,郭玟秀,1
1081,D5940,護理四甲,重症護理概論 (另併１班),(T301),選,5,6,星期一,2,2,蘇淑芬,1
1081,D5944,護理四甲,靈性照護 (另併１班),(T301),選,3,4,星期一,2,2,洪素寬,1
1081,D5969,護理四乙,醫護英文,(T301),必,2,2,星期一,3,3,張玠,1
1081,D6086,企管四甲,貨幣銀行學 (學年),(5409),選,5,6,星期一,2,2,張瓊燕,1
1081,D6090,企管四甲,管理數學 (學年),(5409),必,7,8,星期一,2,2,陳柏儒,1
1081,D6100,企管四乙,統計學 (學年),(5410),必,2,4,星期一,3,3,簡郁紘,1
1081,D6102,企管四乙,管理數學 (學年),(5410),必,5,6,星期一,2,2,陳柏儒,1
1081,D6166,國貿四甲,大學英文選 (學年),(3804),選,3,4,星期一,2,2,馬蕙萱,1
1081,D6165,國貿四甲,貨幣銀行學,(3804),必,5,7,星期一,3,3,鄭美幸,1
1081,D6285,會資四甲,成本與管理會計學 (學年),(5209),必,3,4,星期一,5,4,郭佳如,1
1081,D6286,會資四甲,高級會計學 (學年),(5209),必,2,5,星期一,4,3,蔡美秀,1
1081,D6287,會資四甲,會計資訊系統 (學年),(7303),必,6,8,星期一,3,2,盧正宗,1
1081,D6296,會資四乙,企業管理 (學年),(5210),必,2,4,星期一,3,3,林秀霞,1
1081,D6297,會資四乙,成本與管理會計學 (學年),(5210),必,5,6,星期一,5,4,郭佳如,1
1081,D6299,會資四乙,會計資訊系統 (學年),(7601),必,7,9,星期一,3,2,陳美嬪,1
1081,D6371,品設科菁英班四甲,金屬裝飾技法,(4203),選,7,9,星期一,3,3,李本育,1
1081,D6377,品設科菁英班四甲,設計史,(4206),必,5,6,星期一,2,2,謝寶泰,1
1081,D6379,品設科菁英班四甲,關懷商品設計（一）,(4218),必,2,4,星期一,3,3,張國威,1
1081,D6441,資管四甲,雲端技術與應用,(2403),必,5,7,星期一,3,3,邱啟員,1
1081,D6446,資管四甲,管理數學 (學年),(6602),必,3,4,星期一,2,2,黃慧鳳,1
1081,D6507,日語四甲,日文閱讀指導 (學年),(3606),必,5,7,星期一,3,3,楊家源,1
1081,D6515,日語四甲,國際貿易理論與政策 (學年),(3606),必,3,4,星期一,2,2,張銘今,1
1081,D6584,英語四甲,商用英語會話,(3513),必,1,2,星期一,2,2,盛凱翺,1
1081,D8585,英語四甲,商用英語會話,(3502),必,1,2,星期一,2,2,馬丁,1
1081,D6583,英語四甲,溝通心理學,(3513),選,3,4,星期一,2,2,劉朝清,1
1081,D6663,資應菁英班四甲,系統分析與設計,(2604),必,2,4,星期一,3,3,陳哲弘,1
1081,D6755,保金四甲,保險業經營管理 (另併１班),(5308),選,5,7,星期一,3,3,潘以諾,1
1081,D6108,企管五甲,企業管理綜合個案研究 (學年),(7602),必,5,7,星期二,3,3,李家瑩,1
1081,D6106,企管五甲,財務規劃與預測,(7418),必,2,4,星期二,3,3,王朝仕,1
1081,D6112,企管五乙,物流管理,(7801),必,2,4,星期二,3,3,陳薇如,1
1081,D6184,國貿五甲,國貿法規,(3805),必,7,8,星期二,2,2,郭鐘元,1
1081,D6185,國貿五甲,國際金融,(3805),必,2,4,星期二,3,3,李桂枝,1
1081,D6188,國貿五甲,運動與健康 (學年),(0000),選,5,6,星期二,2,2,體育老師,1
1081,D6304,會資五甲,投資學 (另併１班),(5211),選,2,4,星期二,3,3,林世揚,1
1081,D6306,會資五甲,財務報告分析 (另併１班),(5207),選,5,7,星期二,3,3,林世揚,1
1081,D6388,品設科菁英班五甲,運動與健康 (學年),(0000),選,5,6,星期二,2,2,體育老師,1
1081,D6528,日語五甲,日文商用文書寫作 (學年),(3604),必,7,8,星期二,2,2,南雄太,1
1081,D6532,日語五甲,英語聽講練習（五） (學年),(3413),必,5,6,星期二,2,1,蔡嬌燕,1
1081,D6607,英語五甲,世界文化導讀 (學年),(3508),選,5,6,星期二,2,2,李如芬,1
1081,D6614,英語五甲,經濟學 (學年),(3508),必,3,4,星期二,2,2,陳佑昌,1
1081,D6669,資應菁英班五甲,人機互動設計,(2407),選,5,7,星期二,3,3,周殷菀,1
1081,D9095,保金五甲,年金與退休金規劃,(7506),必,2,4,星期二,3,3,陳冠志,1
1081,D6788,保金五甲,商用英文會話,(3414),必,5,6,星期二,2,2,謝怡帆,1
1081,D8653,保金五甲,授信理論與實務 (另併１班),(5309),選,7,8,星期二,3,3,許峰睿,1
1081,D9096,保金五乙,金融實務,(5308),必,2,4,星期二,3,3,陳靜宜,1
1081,D8527,體育五甲,運動與健康 - 桌球,(0000),選,5,6,星期二,2,2,趙宸紳,1
1081,D8270,體育五乙,運動與健康 - 瑜珈提斯,(0000),選,7,8,星期二,2,2,郭瑜婷,1
1081,D5947,護理四甲,社區衛生護理學,(T301),必,2,4,星期二,3,3,王淑諒,1
1081,D5941,護理四甲,案例分析 (另併１班),(T301),選,7,8,星期二,2,2,林麗英,1
1081,D5951,護理四甲,護理專業寫作概論,(T301),必,5,6,星期二,2,2,劉千琪,1
1081,D5967,護理四乙,精神科護理學,(T304),必,3,4,星期二,3,3,柯貞如,1
1081,D5969,護理四乙,醫護英文,(T301),必,2,2,星期一,3,3,張玠,1
1081,D6087,企管四甲,生涯運動 (學年),(0000),必,7,8,星期二,2,0,體育老師,1
1081,D6089,企管四甲,管理資訊系統 (學年),(7605),必,5,6,星期二,2,2,陳弘岳,1
1081,D6099,企管四乙,生涯運動 (學年),(0000),必,5,6,星期二,2,0,體育老師,1
1081,D6096,企管四乙,消費者行為,(5410),必,2,4,星期二,3,3,黃月春,1
1081,D6101,企管四乙,管理資訊系統 (學年),(7605),必,7,8,星期二,2,2,陳弘岳,1
1081,D6168,國貿四甲,生涯運動 (學年),(0000),必,5,6,星期二,2,0,體育老師,1
1081,D6171,國貿四甲,國際貿易實務 (學年),(3804),必,2,3,星期二,4,4,楊維娟,1
1081,D6283,會資四甲,生涯運動 (學年),(0000),必,5,6,星期二,2,0,體育老師,1
1081,D6284,會資四甲,企業管理 (學年),(5209),必,2,4,星期二,3,3,林秀霞,1
1081,D6286,會資四甲,高級會計學 (學年),(5209),必,2,5,星期一,4,3,蔡美秀,1
1081,D6295,會資四乙,生涯運動 (學年),(0000),必,7,8,星期二,2,0,體育老師,1
1081,D6297,會資四乙,成本與管理會計學 (學年),(5210),必,5,6,星期一,5,4,郭佳如,1
1081,D6298,會資四乙,高級會計學 (學年),(5210),必,5,6,星期二,4,3,蔡美秀,1
1081,D6380,品設科菁英班四甲,生涯運動 (學年),(0000),必,7,8,星期二,2,0,體育老師,1
1081,D6372,品設科菁英班四甲,家具設計,(4206),選,2,4,星期二,3,3,魏明仕,1
1081,D5981,護理五甲,週會/班會 (學年),(0000),必,7,8,星期三,2,0,鄭美莉,1
1081,D5991,護理五乙,週會/班會 (學年),(0000),必,7,8,星期三,2,0,王萱萁,1
1081,D6110,企管五甲,週會/班會 (學年),(3511),必,7,8,星期三,2,0,李麗蘋,1
1081,D6117,企管五乙,週會/班會 (學年),(7418),必,7,8,星期三,2,0,趙正敏,1
1081,D6190,國貿五甲,商業英語會話 (學年),(3411),必,2,4,星期三,3,1,李金玲,1
1081,D8137,國貿五甲,商業英語會話 (學年),(3415),必,2,4,星期三,3,1,湯馬丁,1
1081,D6191,國貿五甲,國際企業概論 (學年),(3805),必,5,6,星期三,2,2,黃俊儒,1
1081,D6192,國貿五甲,週會/班會 (學年),(3805),必,7,8,星期三,2,0,黃彥智,1
1081,D6315,會資五甲,週會/班會 (學年),(5211),必,7,8,星期三,2,0,詹明華,1
1081,D6328,會資五乙,稅務法規與申報實務 (學年),(5207),必,2,4,星期三,3,3,蔡京姐,1
1081,D6330,會資五乙,週會/班會 (學年),(5207),必,7,8,星期三,2,0,王琮胤,1
1081,D6384,品設科菁英班五甲,展示設計,(4217),選,2,3,星期三,2,2,吳銜容,1
1081,D6387,品設科菁英班五甲,自主學習專業（二）,(4214),必,1,1,星期三,1,1,李本育,1
1081,D6451,資管五甲,資訊安全,(2604),必,5,7,星期三,3,3,許耀東,1
1081,D8608,日語五甲,日語發表演練 (學年),(3608),必,1,2,星期三,2,2,橘孝司,1
1081,D6530,日語五甲,日語聽講練習（五） (學年),(3414),必,3,4,星期三,2,1,曾欣誼,1
1081,D8051,英語五甲,英語演講與溝通 (學年),(3409),必,3,4,星期三,2,2,馬丁,1
1081,D6613,英語五甲,商用英文 (學年),(3508),必,6,8,星期三,3,3,廖敏齡,1
1081,D6676,資應菁英班五甲,雲端技術與應用,(2603),必,2,4,星期三,3,3,陳柏淩,1
1081,D8653,保金五甲,授信理論與實務 (另併１班),(5309),選,7,8,星期二,3,3,許峰睿,1
1081,D6790,保金五甲,理財規劃,(7706),必,3,5,星期三,3,3,卓翠月,1
1081,D6795,保金五甲,週會/班會 (學年),(5310),必,7,8,星期三,2,0,陳怡諠,1
1081,D6814,保金五乙,週會/班會 (學年),(5311),必,7,8,星期三,2,0,張瑞益,1
1081,D6810,保金五乙,意外保險,(5311),必,2,4,星期三,3,3,張瑞益,1
1081,D5935,護理四甲,手術室護理概論 (另併１班),(T302),選,3,4,星期三,2,2,陳光慧,1
1081,D5936,護理四甲,生死觀照 (另併１班),(T301),選,5,6,星期三,2,2,蕭玉霜,1
1081,D5938,護理四甲,安寧療護概論 (另併１班),(T302),選,5,6,星期三,2,2,劉曉菁,1
1081,D5952,護理四甲,週會/班會 (學年),(T301),必,7,8,星期三,2,0,張素珠,1
1081,D5950,護理四甲,醫護英文,(T301),必,1,1,星期三,3,3,陳芷如張玠,1
1081,D5943,護理四甲,藥物治療學 (另併１班),(T301),選,3,4,星期三,2,2,楊宜真蔡馨慧,1
1081,D5971,護理四乙,週會/班會 (學年),(T302),必,7,8,星期三,2,0,劉倖吟,1
1081,D5968,護理四乙,醫護文獻導讀,(T411),必,1,2,星期三,2,2,葉月珍,1
1081,D6084,企管四甲,消費者行為,(5409),必,2,4,星期三,3,3,黃月春,1
1081,D6091,企管四甲,週會/班會 (學年),(5409),必,7,8,星期三,2,0,謝沛蓁,1
1081,D6094,企管四乙,國際貿易實務,(7418),選,2,4,星期三,3,3,張又心,1
1081,D6103,企管四乙,週會/班會 (學年),(5410),必,7,8,星期三,2,0,袁本麗,1
1081,D6169,國貿四甲,商用英文 (學年),(3804),必,5,6,星期三,2,2,李金玲,1
1081,D6173,國貿四甲,週會/班會 (學年),(3804),必,7,8,星期三,2,0,黃俊儒,1
1081,D6281,會資四甲,英文檢定（二） (學年) (另併１班),(7402),選,5,6,星期三,2,1,陳盈潔,1
1081,D6288,會資四甲,週會/班會 (學年),(5209),必,7,8,星期三,2,0,蔡美秀,1
1081,D6104,企管五甲,企業模擬經營分析 (另併１班),(7417),選,3,4,星期四,2,2,張倉銓,1
1081,D6105,企管五甲,物流管理,(7417),必,5,7,星期四,3,3,趙正敏,1
1081,D6309,會資五甲,國學常識 (另併１班),(3609),選,5,6,星期四,2,2,葉含秋,1
1081,D6314,會資五甲,審計學 (學年),(7308),必,8,8,星期一,4,4,溫宜潔,1
1081,D6382,品設科菁英班五甲,包裝設計,(4218),選,5,6,星期四,2,2,侯純純,1
1081,D6389,品設科菁英班五甲,週會/班會 (學年),(4218),必,7,8,星期四,2,0,李本育,1
1081,D6455,資管五甲,週會/班會 (學年),(2403),必,7,8,星期四,2,0,魏嚴堅,1
1081,D8609,日語五甲,日文商用文書寫作 (學年),(3608),必,1,2,星期四,2,2,平澤佳代,1
1081,D6529,日語五甲,日語發表演練 (學年),(3404),必,1,2,星期四,2,2,堂坂順子,1
1081,D6531,日語五甲,英語口語表達（三） (學年),(3411),必,3,4,星期四,2,2,湯馬丁,1
1081,D6533,日語五甲,週會/班會 (學年),(3608),必,7,8,星期四,2,0,張銘今,1
1081,D6612,英語五甲,英語語言學概論 (學年),(3508),必,3,4,星期四,2,2,姜葳,1
1081,D6608,英語五甲,英語語音學 (學年),(3508),選,5,6,星期四,2,2,曾琦芬,1
1081,D6615,英語五甲,週會/班會 (學年),(3508),必,7,8,星期四,2,0,張碧蓉,1
1081,D6678,資應菁英班五甲,週會/班會 (學年),(2603),必,7,8,星期四,2,0,廖士寬,1
1081,D6780,保金五甲,金融資訊導讀 (另併１班),(5311),選,3,4,星期四,2,2,梁勝亮,1
1081,D8655,保金五甲,基金管理 (另併１班),(5310),選,2,8,星期四,3,3,朱國仁,1
1081,D6807,保金五乙,商用英文會話,(5302),必,5,6,星期四,2,2,謝玉娥,1
1081,D5945,護理四甲,生涯運動,(M101),必,1,2,星期四,2,0,體育老師,1
1081,D5948,護理四甲,精神科護理學,(T304),必,5,7,星期四,3,3,柯貞如,1
1081,D5950,護理四甲,醫護英文,(T301),必,1,1,星期三,3,3,陳芷如張玠,1
1081,D5964,護理四乙,生涯運動,(0000),必,3,4,星期四,2,0,體育老師,1
1081,D5966,護理四乙,社區衛生護理學,(T113),必,5,7,星期四,3,3,謝佩倫,1
1081,D5967,護理四乙,精神科護理學,(T304),必,3,4,星期二,3,3,柯貞如,1
1081,D5970,護理四乙,護理專業寫作概論,(5110),必,1,2,星期四,2,2,劉千琪,1
1081,D6080,企管四甲,服務業日文（一） (另併１班),(5409),選,3,4,星期四,2,2,張瓊燕,1
1081,D6082,企管四甲,國際貿易實務,(7418),選,5,7,星期四,3,3,王親仁,1
1081,D6095,企管四乙,人際關係,(5410),必,5,7,星期四,3,3,龔慧珠,1
1081,D8356,國貿四甲,投資學,(3809),必,7,9,星期四,3,3,黃彥智,1
1081,D8357,國貿四甲,研究方法,(2301),選,5,6,星期四,2,2,黃彥智,1
1081,D6158,國貿四甲,個體經濟學,(3804),選,2,4,星期四,3,3,李國賓,1
1081,D6285,會資四甲,成本與管理會計學 (學年),(5209),必,3,4,星期一,5,4,郭佳如,1
1081,D8607,會資四甲,應用統計方法,(5209),必,3,4,星期三,4,4,程雅琳,1
1081,D6292,會資四乙,財務數學,(5210),必,3,4,星期三,4,4,詹明華,1
1081,D6298,會資四乙,高級會計學 (學年),(5210),必,5,6,星期二,4,3,蔡美秀,1
1081,D6376,品設科菁英班四甲,文化生活商品設計（一）,(4217),必,2,4,星期四,3,3,張國賓,1
1081,D6375,品設科菁英班四甲,陶瓷商品設計,(4206),選,5,9,星期四,3,3,徐子雲,1
1081,D6381,品設科菁英班四甲,週會/班會 (學年),(4206),必,7,8,星期四,2,0,張國威,1
1081,D6439,資管四甲,Linux基礎與系統管理,(2401),必,2,4,星期四,3,3,駱榮問,1
1081,D6447,資管四甲,週會/班會 (學年),(3704),必,7,8,星期四,2,0,張玲娥,1
1081,D6383,品設科菁英班五甲,品牌規劃,(4218),選,3,4,星期五,2,2,洪瑞駿,1
1081,D6386,品設科菁英班五甲,專題設計（一）,(4217),必,5,7,星期五,3,3,吳銜容,1
1081,D8052,品設科菁英班五甲,專題設計（一）,(4217),必,5,7,星期五,3,3,謝寶泰,1
1081,D8053,品設科菁英班五甲,專題設計（一）,(4217),必,5,7,星期五,3,3,魏明仕,1
1081,D8054,品設科菁英班五甲,專題設計（一）,(4217),必,5,7,星期五,3,3,李本育,1
1081,D8055,品設科菁英班五甲,專題設計（一）,(4217),必,5,7,星期五,3,3,張國威,1
1081,D8056,品設科菁英班五甲,專題設計（一）,(4217),必,5,7,星期五,3,3,徐子雲,1
1081,D8057,品設科菁英班五甲,專題設計（一）,(4217),必,5,7,星期五,3,3,侯純純,1
1081,D8099,品設科菁英班五甲,專題設計（一）,(4217),必,5,7,星期五,3,3,張國賓,1
1081,D6448,資管五甲,多媒體行動應用,(2407),選,5,7,星期五,3,3,郭書瑋,1
1081,D6453,資管五甲,電子商務概論,(6502),必,2,4,星期五,3,3,許世芸李固遠,1
1081,D6611,英語五甲,英語演講與溝通 (學年),(3401),必,3,4,星期五,2,2,梁彩玲,1
1081,D6675,資應菁英班五甲,伺服器建構與管理,(2401),必,5,7,星期五,3,3,陳柏淩,1
1081,D9094,保金五甲,信託與投資,(7505),必,2,4,星期五,3,3,簡淑華,1
1081,D6806,保金五乙,社會保險,(7703),必,2,4,星期五,3,3,曾耀鋒,1
1081,D5934,護理四甲,Micro-Sim急救模擬情境演練 (另併１班),(T301),選,5,6,星期五,2,2,張耀田,1
1081,D5946,護理四甲,老年護理學,(T301),必,1,2,星期五,2,2,吳麗芬,1
1081,D5939,護理四甲,長期照護 (另併１班),(T301),選,7,8,星期五,2,2,曾月霞陳玉敏,1
1081,D5949,護理四甲,醫護文獻導讀,(T301),必,3,4,星期五,2,2,林靜娟,1
1081,D5965,護理四乙,老年護理學,(T302),必,3,4,星期五,2,2,吳麗芬,1
1081,D6088,企管四甲,統計學 (學年),(5409),必,2,4,星期五,3,3,簡郁紘,1
1081,D6170,國貿四甲,商業英語會話 (學年),(3811),必,5,7,星期五,3,1,林佳勳,1
1081,D8138,國貿四甲,商業英語會話 (學年),(3411),必,5,7,星期五,3,1,李金玲,1
1081,D6171,國貿四甲,國際貿易實務 (學年),(3804),必,2,3,星期二,4,4,楊維娟,1
1081,D6278,會資四甲,財政學 (另併１班),(7306),選,5,7,星期五,3,3,廖君華,1
1081,D6374,品設科菁英班四甲,商品攝影,(4508),選,5,6,星期五,2,2,邱旭蓮,1
1081,D6378,品設科菁英班四甲,感質設計,(4206),必,2,4,星期五,3,3,黃鐉津,1
1081,D6442,資管四甲,網際系統設計,(2401),必,2,4,星期五,3,3,陳文夏,1
1081,D6438,資管四甲,擴增實境,(2404),選,5,7,星期五,3,3,戴偉勝,1
1081,D6514,日語四甲,英語口語表達（二） (學年),(3413),必,3,4,星期五,2,2,湯馬丁,1
1081,D6592,英語四甲,英文選讀 (學年),(3513),必,5,7,星期五,3,3,梁彩玲,1
1081,D6659,資應菁英班四甲,軟體工程 (另併１班),(2403),選,5,7,星期五,3,3,陳志成,1
1081,D10159,資應菁英班四甲,人工智慧概論,(2404),選,2,4,星期五,3,3,范敏玄,1
1081,D8657,保金四甲,銀行會計 (另併１班),(5308),選,2,4,星期五,3,3,王重隆,1
1081,D5901,護理三甲,流行病學概論 (另併１班),(T501),選,5,6,星期五,2,2,林麗鳳,1
1081,D5914,護理三甲,國文 (學年),(T501),必,5,6,星期四,3,3,葉守桓,1
1081,D5911,護理三甲,產科護理學實驗,(M509),必,3,4,星期五,2,1,高碧琴,1
1081,D5903,護理三甲,臨床檢驗判讀 (另併１班),(T503),選,5,6,星期五,2,2,王約翰,1
1081,D5928,護理三乙,產科護理學實驗,(M509),必,1,2,星期五,2,1,高碧琴,1
1081,D6053,企管三甲,管理英文,(5405),選,5,6,星期五,2,2,袁本麗,1
1081,D6109,企管五甲,專題製作 (學年),(0000),必,1,3,星期六,3,3,黃月春,1
1081,D8354,企管五甲,專題製作 (學年),(0000),必,1,3,星期六,3,3,趙正敏,1
1081,D12206,企管五甲,專題製作 (學年),(0000),必,1,3,星期六,3,3,袁本麗,1
1081,D12207,企管五甲,專題製作 (學年),(0000),必,1,3,星期六,3,3,李家瑩,1
1081,D12208,企管五甲,專題製作 (學年),(0000),必,1,3,星期六,3,3,李國瑋,1
1081,D12322,企管五甲,專題製作 (學年),(0000),必,1,3,星期六,3,3,王朝仕,1
1081,D6116,企管五乙,專題製作 (學年),(0000),必,1,3,星期六,3,3,張又心,1
1081,D8355,企管五乙,專題製作 (學年),(0000),必,1,3,星期六,3,3,趙正敏,1
1081,D12209,企管五乙,專題製作 (學年),(0000),必,1,3,星期六,3,3,龔慧珠,1
1081,D12210,企管五乙,專題製作 (學年),(0000),必,1,3,星期六,3,3,李家瑩,1
1081,D12211,企管五乙,專題製作 (學年),(0000),必,1,3,星期六,3,3,黃月春,1
1081,D12212,企管五乙,專題製作 (學年),(0000),必,1,3,星期六,3,3,王朝仕,1
1081,D12213,企管五乙,專題製作 (學年),(0000),必,1,3,星期六,3,3,陳柏儒,1
1081,D6385,品設科菁英班五甲,校外實習,(4215),必,5,7,星期六,3,3,吳銜容,1
1081,D8073,品設科菁英班五甲,校外實習,(4215),必,5,7,星期六,3,3,李本育,1
1081,D8074,品設科菁英班五甲,校外實習,(4215),必,5,7,星期六,3,3,徐子雲,1
1081,D6452,資管五甲,資訊管理實務專題（二）,(0000),必,1,3,星期六,3,2,范敏玄,1
1081,D8563,資管五甲,資訊管理實務專題（二）,(0000),必,1,3,星期六,3,2,駱榮問,1
1081,D12373,資管五甲,資訊管理實務專題（二）,(0000),必,1,3,星期六,3,2,徐旺興,1
1081,D12374,資管五甲,資訊管理實務專題（二）,(0000),必,1,3,星期六,3,2,蕭國倫,1
1081,D12375,資管五甲,資訊管理實務專題（二）,(0000),必,1,3,星期六,3,2,黃天麒,1
1081,D12376,資管五甲,資訊管理實務專題（二）,(0000),必,1,3,星期六,3,2,林真伊,1
1081,D12377,資管五甲,資訊管理實務專題（二）,(0000),必,1,3,星期六,3,2,許雯絞,1
1081,D12378,資管五甲,資訊管理實務專題（二）,(0000),必,1,3,星期六,3,2,柯志坤,1
1081,D6672,資應菁英班五甲,校外實習,(0000),選,4,5,星期六,2,2,駱榮問,1
1081,D12395,資應菁英班五甲,校外實習,(0000),選,4,5,星期六,2,2,蕭國倫,1
1081,D6677,資應菁英班五甲,資訊實務專題（二）,(0000),必,1,3,星期六,3,2,連俊瑋,1
1081,D8566,資應菁英班五甲,資訊實務專題（二）,(0000),必,1,3,星期六,3,2,陳牧言,1
1081,D12368,資應菁英班五甲,資訊實務專題（二）,(0000),必,1,3,星期六,3,2,廖士寬,1
1081,D12369,資應菁英班五甲,資訊實務專題（二）,(0000),必,1,3,星期六,3,2,許雯絞,1
1081,D12370,資應菁英班五甲,資訊實務專題（二）,(0000),必,1,3,星期六,3,2,邱淑芬,1
1081,D12371,資應菁英班五甲,資訊實務專題（二）,(0000),必,1,3,星期六,3,2,林文彥,1
1081,D12372,資應菁英班五甲,資訊實務專題（二）,(0000),必,1,3,星期六,3,2,林真伊,1
1081,D6172,國貿四甲,專題研究 (學年),(0000),必,1,1,星期六,1,1,姜祖華,1
1081,D8801,國貿四甲,專題研究 (學年),(0000),必,1,1,星期六,1,1,黃俊儒,1
1081,D12325,國貿四甲,專題研究 (學年),(0000),必,1,1,星期六,1,1,陳香如,1
1081,D12326,國貿四甲,專題研究 (學年),(0000),必,1,1,星期六,1,1,郭雪貞,1
1081,D12327,國貿四甲,專題研究 (學年),(0000),必,1,1,星期六,1,1,李金玲,1
1081,D12346,老服四Ａ,專題製作,(0000),必,5,6,星期一,2,2,林益永,3
1081,D8122,美容四Ａ,校外實習 (另併１班),(0000),選,1,1,星期一,4,2,林洹瑜,3
1081,D6924,美容四Ｂ,時尚髮型設計 (另併１班),(R208),選,5,7,星期一,3,3,許采茵,3
1081,D6932,美容四Ｂ,專題研究（I）,(0000),必,8,8,星期一,2,2,李雅婷,3
1081,D8131,美容四Ｂ,專題研究（I）,(0000),必,8,8,星期一,2,2,許采茵,3
1081,D6928,美容四Ｂ,時尚攝影 (另併１班),(4508),選,2,4,星期一,3,3,溫志維,3
1081,D6953,護理四Ａ,家庭護理 (另併１班),(T403),選,5,6,星期一,2,2,謝佩倫,3
1081,D6959,護理四Ａ,人際關係治療 (另併１班),(T501),選,7,8,星期一,2,2,張雅芬,3
1081,D6967,護理四Ａ,心理衛生護理議題研討 (另併１班),(T112),選,3,4,星期一,2,2,柯貞如,3
1081,D7013,企管四Ａ,中小企業管理,(7417),必,5,7,星期一,3,3,張慶原,3
1081,D7010,企管四Ａ,連鎖企業管理,(7803),選,2,4,星期一,3,3,張又心,3
1081,D11447,國貿四Ａ,共通核心職能課程 (另併２班),(3713),選,2,4,星期一,3,3,蔡樹芬,3
1081,D7116,會資四Ａ,合併報表理論與實務,(7401),必,5,8,星期一,4,3,鄭凱文,3
1081,D11245,商設四Ａ,3D電腦繪圖,(4503),選,5,7,星期一,3,3,林峰正,3
1081,D7151,流管四Ａ,市場調查與預測 (另併１班),(6901),選,5,7,星期一,3,3,楊志文,3
1081,D7160,流管四Ａ,零售與門市管理實務 (另併１班),(1403),選,2,4,星期一,3,3,蕭衛鴻,3
1081,D7192,資管四Ａ,物件導向系統分析與設計,(2401),必,2,4,星期一,3,3,柯志坤,3
1081,D7218,日語四Ａ,英文履歷與商務書信撰寫,(3608),必,3,4,星期一,2,2,湯馬丁,3
1081,D7255,英語四Ａ,貿易英文書信,(3508),必,3,4,星期一,2,2,龔豪君,3
1081,D11869,英語四Ａ,電腦輔助語言教學 (另併１班),(3402),選,1,2,星期一,2,2,張文俐,3
1081,D7281,資應菁英班四Ａ,行動服務,(2402),必,2,4,星期一,3,3,陳柏淩李固遠,3
1081,D6864,老服三Ａ,生活與照顧服務概論,(R308),選,7,8,星期一,2,2,邱美汝吳柏蒼,3
1081,D6869,老服三Ａ,老人服務產業概論,(R308),必,3,4,星期一,2,2,梁亞文,3
1081,D6866,老服三Ａ,老人照顧技術與實作,(R308),選,5,6,星期一,2,2,吳柏蒼,3
1081,D6893,美容三Ａ,皮膚科學,(T201),必,3,4,星期一,2,2,王祥齡,3
1081,D6894,美容三Ａ,美體護膚與保健,(TB11),必,5,7,星期一,3,3,蔡宜萱,3
1081,D6904,美容三Ｂ,時尚彩妝設計,(R105),必,5,7,星期一,3,3,林洹瑜,3
1081,D6905,美容三Ｂ,藥妝保養品學,(R209),必,3,4,星期一,2,2,林恩仕,3
1081,D7001,企管三Ａ,科技與創新管理,(7601),必,2,4,星期一,3,3,賴明弘,3
1081,D7031,保金三Ａ,金融市場實務,(7702),必,6,7,星期一,2,2,張巧宜,3
1081,D7033,保金三Ａ,風險與保險,(7702),必,5,5,星期一,3,3,謝淑慧,3
1081,D7034,保金三Ａ,應用統計,(7401),必,2,4,星期一,3,3,楊佑傑,3
1081,D7073,國貿三Ａ,商業英語會話 (學年),(3811),必,1,2,星期一,2,1,林佳勳,3
1081,D7075,國貿三Ａ,國際貿易實務專題 (學年),(3711),必,3,4,星期一,2,2,陳玉蒼,3
1081,D7072,國貿三Ａ,國際商展實務,(3711),必,7,8,星期一,2,2,陳玉蒼,3
1081,D7100,會資三Ａ,英語聽力與閱讀（一）,(3413),選,3,4,星期一,2,2,柯品婕,3
1081,D7122,商設三Ａ,印刷構成,(4504),選,1,3,星期一,3,3,林佑蓁,3
1081,D7128,商設三Ａ,廣告設計,(4401),必,4,6,星期一,3,3,詹玉艷,3
1081,D7124,商設三Ａ,模型製作,(4301),選,7,9,星期一,3,3,古慈俐,3
1081,D7144,流管三Ａ,運輸學,(6903),選,2,4,星期一,3,3,楊志文,3
1081,D6909,美容四Ａ,自然療法與實務 (另併１班),(T211),選,5,7,星期二,3,3,蔡宜萱,3
1081,D6914,美容四Ａ,美容膳食設計 (另併１班),(T101),選,3,4,星期二,2,2,高而仕,3
1081,D6932,美容四Ｂ,專題研究（I）,(0000),必,8,8,星期一,2,2,李雅婷,3
1081,D6933,美容四Ｂ,創新管理,(R206),必,1,2,星期二,2,2,黃于瑄,3
1081,D6969,護理四Ａ,創新管理,(T112),必,5,6,星期二,2,2,謝惠玲徐牧群,3
1081,D6971,護理四Ａ,醫護倫理與法規,(T404),必,3,4,星期二,2,2,謝佩倫,3
1081,D6963,護理四Ａ,樂齡照護 (另併１班),(T404),選,1,2,星期二,2,2,張曼萍,3
1081,D6992,護理四Ｂ,創新管理,(T211),必,3,4,星期二,2,2,謝惠玲魏莉芳,3
1081,D6994,護理四Ｂ,醫護倫理與法規,(T303),必,5,6,星期二,2,2,謝佩倫,3
1081,D7014,企管四Ａ,國際人力資源管理,(7417),必,2,4,星期二,3,3,龔慧珠,3
1081,D7016,企管四Ａ,職涯規劃,(7417),必,7,8,星期二,2,2,黃孟儒,3
1081,D9097,保金四Ａ,財務個案分析,(5310),必,2,4,星期二,3,3,許峰睿,3
1081,D7089,國貿四Ａ,國貿資訊系統,(3806),必,8,9,星期二,2,2,張慈淑,3
1081,D7090,國貿四Ａ,經貿英文閱讀,(3713),必,5,7,星期二,3,3,郭永興,3
1081,D7092,國貿四Ａ,策略管理實務,(3713),必,2,4,星期二,3,3,吳佩勳,3
1081,D7113,會資四Ａ,職業倫理與道德,(7402),選,7,9,星期二,3,3,趙志浩,3
1081,D7115,會資四Ａ,資料分析與應用（一） (另併２班),(7303),選,2,4,星期二,3,3,林裕章,3
1081,D7131,商設四Ａ,包裝設計實務,(4405),選,2,4,星期二,3,3,李芸菲,3
1081,D7132,商設四Ａ,行銷活動企劃,(4504),選,5,6,星期二,2,2,林承謙,3
1081,D11246,商設四Ａ,數位平台與網頁設計,(4504),選,7,9,星期二,3,3,李固遠,3
1081,D7153,流管四Ａ,全球供應鏈與運籌實務專題,(6804),選,2,4,星期二,3,3,劉彩霈,3
1081,D7185,資管四Ａ,企業資源規劃,(2604),選,5,7,星期二,3,3,柳朵怡,3
1081,D7191,資管四Ａ,巨量資料分析,(2401),選,2,4,星期二,3,3,陳牧言,3
1081,D7260,英語四Ａ,中英翻譯 (學年),(3502),必,7,8,星期二,2,2,姜葳,3
1081,D8601,英語四Ａ,中英翻譯 (學年),(3514),必,7,8,星期二,2,2,李克定,3
1081,D7282,資應菁英班四Ａ,網路安全,(2603),必,2,4,星期二,3,3,駱榮問,3
1081,D7283,資應菁英班四Ａ,進階系統設計,(1403),必,5,7,星期二,3,3,陳哲弘,3
1081,D7299,品設四Ａ,品牌策略與管理,(4215),選,3,4,星期二,2,2,邱義盛,3
1081,D6861,老服三Ａ,公共衛生概論,(R308),選,3,4,星期二,2,2,林亞陵,3
1081,D6862,老服三Ａ,生死學,(R308),選,1,2,星期二,2,2,蔡纓勳,3
1081,D6896,美容三Ａ,藥妝保養品學,(T201),必,3,4,星期二,2,2,林恩仕,3
1081,D6898,美容三Ａ,當代藝術思潮,(R206),必,5,6,星期二,2,2,王麗菱,3
1081,D6902,美容三Ｂ,皮膚科學,(T201),必,5,6,星期二,2,2,王祥齡,3
1081,D6907,美容三Ｂ,當代藝術思潮,(R206),必,3,4,星期二,2,2,王麗菱,3
1081,D6935,護理三Ａ,生物化學,(T113),必,3,4,星期二,2,2,湯曉君,3
1081,D6936,護理三Ａ,生物統計學,(T113),必,1,2,星期二,2,2,賴宗鼎,3
1081,D6938,護理三Ａ,教學原理在護理實務之應用,(T113),必,5,6,星期二,2,2,張倖綺,3
1081,D6943,護理三Ｂ,生物化學,(T302),必,5,6,星期二,2,2,湯曉君,3
1081,D6945,護理三Ｂ,身體評估暨實驗,(T112),必,1,2,星期二,4,3,廖子寬莊雅貴,3
1081,D7002,企管三Ａ,國際行銷管理,(7416),必,2,4,星期二,3,3,林枝樟,3
1081,D6885,老服四Ａ,專題製作,(R409),必,5,6,星期三,2,2,陳文意,3
1081,D6890,老服四Ａ,週會/班會 (學年),(T311),必,7,8,星期三,2,0,吳柏蒼,3
1081,D6879,老服四Ａ,照顧空間規劃及管理,(7301),選,1,2,星期三,2,2,王伶芳,3
1081,D6920,美容四Ａ,創新管理,(R206),必,1,2,星期三,2,2,黃于瑄,3
1081,D6921,美容四Ａ,週會/班會 (學年),(R209),必,7,8,星期三,2,0,林恩仕,3
1081,D6917,美容四Ａ,美妝品安全與評估 (另併１班),(T211),選,5,6,星期三,2,2,趙永賀,3
1081,D6934,美容四Ｂ,週會/班會 (學年),(R206),必,7,8,星期三,2,0,高而仕,3
1081,D6973,護理四Ａ,週會/班會 (學年),(3904),必,7,8,星期三,2,0,楊其璇,3
1081,D6965,護理四Ａ,兒童護理 (另併１班),(5203),選,1,2,星期三,2,2,張玠劉千琪,3
1081,D6996,護理四Ｂ,週會/班會 (學年),(6804),必,7,8,星期三,2,0,程春美,3
1081,D7017,企管四Ａ,週會/班會 (學年),(7417),必,7,8,星期三,2,0,蔡嬌燕,3
1081,D7056,保金四Ａ,財務數學,(7505),必,5,6,星期三,2,2,蘇真慧,3
1081,D7061,保金四Ａ,週會/班會 (學年),(4206),必,7,8,星期三,2,0,黃麗夙,3
1081,D7095,國貿四Ａ,週會/班會 (學年),(3713),必,7,8,星期三,2,0,李桂枝,3
1081,D7119,會資四Ａ,週會/班會 (學年),(7303),必,7,8,星期三,2,0,林秀霞,3
1081,D7118,會資四Ａ,職涯規劃,(7403),必,5,6,星期三,2,2,鄭如孜林靜宜,3
1081,D7194,資管四Ａ,電子商務,(2401),必,5,7,星期三,3,3,黃秀美,3
1081,D7217,日語四Ａ,日文商務書信撰寫,(3611),必,5,6,星期三,2,2,南雄太,3
1081,D7262,英語四Ａ,經貿英文閱讀 (學年),(3409),必,7,8,星期三,2,2,莫利斯,3
1081,D12245,英語四Ａ,實務專題製作（二）,(0000),必,6,6,星期三,1,1,陳麗清,3
1081,D7279,資應菁英班四Ａ,巨量資料分析,(2402),選,5,7,星期三,3,3,陳牧言,3
1081,D6867,老服三Ａ,老人心理學,(R308),必,5,6,星期三,2,2,林益永,3
1081,D6871,老服三Ａ,週會/班會 (學年),(R308),必,7,8,星期三,2,0,梁亞文,3
1081,D6899,美容三Ａ,週會/班會 (學年),(R105),必,7,8,星期三,2,0,許采茵,3
1081,D6908,美容三Ｂ,週會/班會 (學年),(T201),必,7,8,星期三,2,0,鄭美惠,3
1081,D6942,護理三Ａ,週會/班會 (學年),(4204),必,7,8,星期三,2,0,盧冠霖,3
1081,D6950,護理三Ｂ,週會/班會 (學年),(3509),必,7,8,星期三,2,0,王建邦,3
1081,D7004,企管三Ａ,週會/班會 (學年),(7416),必,7,8,星期三,2,0,林宜欣,3
1081,D7035,保金三Ａ,貨幣理論與政策 (學年),(7707),選,1,2,星期三,2,2,邱泰穎,3
1081,D7036,保金三Ａ,週會/班會 (學年),(7707),必,7,8,星期三,2,0,林淑惠,3
1081,D7076,國貿三Ａ,週會/班會 (學年),(3711),必,7,8,星期三,2,0,陳香如,3
1081,D7070,國貿三Ａ,進階商業英文書信,(3711),必,1,2,星期三,2,2,林慧洙,3
1081,D7105,會資三Ａ,週會/班會 (學年),(7401),必,7,8,星期三,2,0,蔡京姐,3
1081,D7103,會資三Ａ,中級會計專題（一）,(7401),必,5,7,星期二,5,4,黃惠君,3
1081,D7121,商設三Ａ,分鏡腳本製作,(4504),選,5,7,星期三,3,3,邱旭蓮,3
1081,D7145,流管三Ａ,生產與作業管理,(6903),必,5,7,星期三,3,3,林文祥,3
1081,D7196,日語三Ａ,中日筆譯（一）,(3609),選,7,8,星期三,2,2,楊家源,3
1081,D7237,英語三Ａ,英文寫作方法 (學年),(3201),必,1,2,星期三,2,2,曾琦芬,3
1081,D8595,英語三Ａ,英文寫作方法 (學年),(3201),必,7,8,星期三,2,2,曾琦芬,3
1081,D7239,英語三Ａ,商務英語會話 (學年),(3409),必,5,6,星期三,2,2,李華德,3
1081,D6886,老服四Ａ,創新管理,(R308),必,1,2,星期四,2,2,陳文意,3
1081,D6876,老服四Ａ,老人生活輔具與身體機能回復訓練,(R311),選,3,4,星期四,2,2,洪曼珊,3
1081,D6888,老服四Ａ,長期照顧人力資源管理,(R405),必,7,8,星期四,2,2,楊慧貞,3
1081,D6882,老服四Ａ,溝通和情緒管理,(R308),選,5,6,星期四,2,2,鄭窈窕,3
1081,D6918,美容四Ａ,美容產業行銷與管理,(T201),必,5,6,星期四,2,2,蘇達人,3
1081,D8122,美容四Ａ,校外實習 (另併１班),(0000),選,1,1,星期一,4,2,林洹瑜,3
1081,D6913,美容四Ａ,美容生物科技概論 (另併１班),(T211),選,3,4,星期四,2,2,高而仕,3
1081,D6931,美容四Ｂ,美容產業行銷與管理,(R206),必,7,8,星期四,2,2,蘇達人,3
1081,D8131,美容四Ｂ,專題研究（I）,(0000),必,8,8,星期一,2,2,許采茵,3
1081,D6952,護理四Ａ,重症護理學 (另併１班),(T311),選,1,2,星期四,2,2,蘇淑芬,3
1081,D6972,護理四Ａ,護理品質與病人安全管理,(T404),必,7,8,星期四,2,2,廖惠娟林金蘭,3
1081,D6960,護理四Ａ,孕產期照護 (另併１班),(T403),選,1,2,星期四,2,2,葉月珍,3
1081,D8385,護理四Ａ,臨床護理技能 (另併１班),(M509),選,3,4,星期四,2,2,陳夏蓮孫嘉玲,3
1081,D6995,護理四Ｂ,護理品質與病人安全管理,(T404),必,5,6,星期四,2,2,廖惠娟林金蘭,3
1081,D7005,企管四Ａ,市場調查與研究,(7601),選,2,4,星期四,3,3,趙正敏,3
1081,D7006,企管四Ａ,企業資源規劃實務,(7602),選,5,7,星期四,3,3,何順源,3
1081,D7053,保金四Ａ,金融資訊系統,(7603),必,7,8,星期四,2,2,彭健城,3
1081,D7054,保金四Ａ,保險資訊系統,(7501),必,5,6,星期四,2,2,王財驛,3
1081,D7057,保金四Ａ,銀行法規,(5309),必,1,2,星期四,2,2,黃麗夙,3
1081,D7058,保金四Ａ,職涯規劃,(5309),必,3,4,星期四,2,2,黃麗夙,3
1081,D7091,國貿四Ａ,職涯規劃,(3805),必,6,7,星期四,2,2,林元盛,3
1081,D7093,國貿四Ａ,跨境電子商務,(3713),必,8,9,星期四,2,2,陳美安,3
1081,D7109,會資四Ａ,財政學 (另併２班),(7301),選,5,7,星期四,3,3,許義忠,3
1081,D7117,會資四Ａ,電腦審計,(7303),必,2,4,星期四,3,3,陳美嬪,3
1081,D7138,商設四Ａ,週會/班會 (學年),(4301),必,7,8,星期四,2,0,趙樹人,3
1081,D8648,商設四Ａ,文字與設計應用,(4301),選,2,4,星期四,3,3,紀明仁,3
1081,D7166,流管四Ａ,週會/班會 (學年),(6804),必,7,8,星期四,2,0,蔡子安,3
1081,D7165,流管四Ａ,資訊分析與應用,(6903),必,2,4,星期四,3,3,林泓毅陳志騰,3
1081,D7195,資管四Ａ,週會/班會 (學年),(3206),必,7,8,星期四,2,0,柯志坤,3
1081,D11303,資管四Ａ,人工智慧與大數據應用實務專題（一）,(2702),選,2,4,星期四,3,3,范敏玄陳牧言,3
1081,D7213,日語四Ａ,台日企業合作專題 (另併１班),(3613),選,5,6,星期四,2,2,黎立仁,3
1081,D7219,日語四Ａ,週會/班會 (學年),(3404),必,7,8,星期四,2,0,葉東哲,3
1081,D7259,英語四Ａ,中英口譯 (學年),(3514),必,3,4,星期四,2,2,陳昭蓉,3
1081,D8600,英語四Ａ,中英口譯 (學年),(3401),必,3,4,星期四,2,2,廖敏齡,3
1081,D7263,英語四Ａ,週會/班會 (學年),(3514),必,7,8,星期四,2,0,莫利斯,3
1081,D7261,英語四Ａ,會議英文與演練 (學年),(3401),必,5,6,星期四,2,2,嚴嘉琪,3
1081,D8602,英語四Ａ,會議英文與演練 (學年),(3506),必,5,6,星期四,2,2,梁彩玲,3
1081,D7285,資應菁英班四Ａ,週會/班會 (學年),(3702),必,7,8,星期四,2,0,戴偉勝,3
1081,D7307,品設四Ａ,週會/班會 (學年),(4217),必,7,8,星期四,2,0,魏明仕,3
1081,D9107,品設四Ａ,永續設計,(4215),選,3,4,星期四,2,2,張哲肇,3
1081,D6887,老服四Ａ,健康與長照保險,(R405),必,3,4,星期五,2,2,李卓倫,3
1081,D6889,老服四Ａ,長期照護與倫理,(R405),必,1,2,星期五,2,2,李卓倫,3
1081,D8122,美容四Ａ,校外實習 (另併１班),(0000),選,1,1,星期一,4,2,林洹瑜,3
1081,D10186,美容四Ａ,美容職場英語 (另併１班),(T211),選,5,6,星期五,2,2,卓志誠,3
1081,D6954,護理四Ａ,健康促進理論與實務 (另併１班),(T403),選,1,2,星期五,2,2,劉秀枝,3
1081,D6956,護理四Ａ,復健醫學與護理 (另併１班),(T403),選,7,8,星期五,2,2,陳筱瑀鄒錫凱,3
1081,D6962,護理四Ａ,另類療法之應用 (另併１班),(TB11),選,3,4,星期五,2,2,羅菊貞,3
1081,D6964,護理四Ａ,急重症模擬實作 (另併１班),(M509),選,5,6,星期五,2,2,怡懋．蘇米,3
1081,D7055,保金四Ａ,保險實務,(5309),必,3,4,星期五,2,2,吳志松,3
1081,D11450,國貿四Ａ,數位行銷應用與整合規劃 (另併２班),(3713),選,2,4,星期五,3,3,蔡樹芬,3
1081,D7107,會資四Ａ,政府會計 (另併２班),(7402),選,2,4,星期五,3,3,張麗娟,3
1081,D7137,商設四Ａ,專題設計與實習 (學年),(4405),必,2,4,星期五,3,3,趙樹人,3
1081,D8629,商設四Ａ,專題設計與實習 (學年),(4405),必,2,4,星期五,3,3,林承謙,3
1081,D8630,商設四Ａ,專題設計與實習 (學年),(4405),必,2,4,星期五,3,3,紀明仁,3
1081,D7152,流管四Ａ,企業資源規劃,(6903),選,2,4,星期五,3,3,林文祥,3
1081,D7154,流管四Ａ,物流管理 (另併１班),(1403),選,5,7,星期五,3,3,劉彩霈,3
1081,D7249,英語四Ａ,新聞英文 (另併１班),(3504),選,3,4,星期五,2,2,關磊麗,3
1081,D8579,英語四Ａ,實務專題製作（二）,(0000),必,1,1,星期五,1,1,莫利斯,3
1081,D12243,英語四Ａ,實務專題製作（二）,(0000),必,1,1,星期五,1,1,劉世明,3
1081,D12244,英語四Ａ,實務專題製作（二）,(0000),必,1,1,星期五,1,1,曾琦芬,3
1081,D12246,英語四Ａ,實務專題製作（二）,(0000),必,1,1,星期五,1,1,劉光昇,3
1081,D7275,資應菁英班四Ａ,PHP程式設計 (另併１班),(2403),選,2,4,星期五,3,3,邱淑芬,3
1081,D7305,品設四Ａ,專題設計（一）,(4215),必,2,4,星期五,3,3,吳銜容,3
1081,D8084,品設四Ａ,專題設計（一）,(4215),必,2,4,星期五,3,3,謝寶泰,3
1081,D8085,品設四Ａ,專題設計（一）,(4215),必,2,4,星期五,3,3,魏明仕,3
1081,D8086,品設四Ａ,專題設計（一）,(4215),必,2,4,星期五,3,3,李本育,3
1081,D8087,品設四Ａ,專題設計（一）,(4215),必,2,4,星期五,3,3,張國威,3
1081,D8088,品設四Ａ,專題設計（一）,(4215),必,2,4,星期五,3,3,徐子雲,3
1081,D8089,品設四Ａ,專題設計（一）,(4215),必,2,4,星期五,3,3,張國賓,3
1081,D7303,品設四Ａ,微型創業,(4215),選,5,6,星期五,2,2,謝曜州,3
1081,D6865,老服三Ａ,老人生理解剖學,(R308),選,2,4,星期五,3,3,林穎志,3
1081,D6891,美容三Ａ,研究方法與論文寫作(健康美容組) (另併１班),(R206),選,3,4,星期五,2,2,高而仕,3
1081,D6901,美容三Ｂ,研究方法與論文寫作(時尚造型組) (另併１班),(T201),選,3,4,星期五,2,2,卓欣穎,3
1081,D6937,護理三Ａ,身體評估暨實驗,(T113),必,1,2,星期五,4,3,蔣季華,3
1081,D6944,護理三Ｂ,生物統計學,(T304),必,3,4,星期五,2,2,賴宗鼎,3
1081,D6946,護理三Ｂ,教學原理在護理實務之應用,(T504),必,1,2,星期五,2,2,林靜娟,3
1081,D6997,企管三Ａ,智慧財產權實務,(7416),選,2,4,星期五,3,3,謝蕙如,3
1081,D7024,保金三Ａ,財務報表分析,(7707),選,5,7,星期五,3,3,吳清池,3
1081,D7026,保金三Ａ,商用英文會話,(7702),選,1,2,星期五,2,2,彭莉雅,3
1081,D7062,國貿三Ａ,行銷企劃實務,(3711),選,2,4,星期五,3,3,林鈞鏗,3
1081,D6912,美容四Ａ,校外實習 (另併１班),(0000),選,6,9,星期六,4,2,李雅婷,3
1081,D8126,美容四Ｂ,專題研究（I）,(0000),必,1,2,星期六,2,2,林恩仕,3
1081,D6966,護理四Ａ,國際護理見習 (另併１班),(0000),選,1,2,星期六,2,2,柯貞如,3
1081,D7007,企管四Ａ,企業實習,(0000),選,7,9,星期六,3,3,張又心,3
1081,D8106,企管四Ａ,企業實習,(0000),選,7,9,星期六,3,3,陳柏儒,3
1081,D8107,企管四Ａ,企業實習,(0000),選,7,9,星期六,3,3,張淑婷,3
1081,D7015,企管四Ａ,專題製作（一）,(0000),必,1,3,星期六,3,3,張又心,3
1081,D8108,企管四Ａ,專題製作（一）,(0000),必,1,3,星期六,3,3,李家瑩,3
1081,D12198,企管四Ａ,專題製作（一）,(0000),必,1,3,星期六,3,3,趙正敏,3
1081,D12199,企管四Ａ,專題製作（一）,(0000),必,1,3,星期六,3,3,賴明弘,3
1081,D7047,保金四Ａ,校外實習（一）,(0000),選,1,4,星期六,4,2,邱泰穎,3
1081,D8787,保金四Ａ,校外實習（一）,(0000),選,5,8,星期六,4,2,曾耀鋒,3
1081,D11371,保金四Ａ,校外實習（一）,(0000),選,1,4,星期六,4,2,陳怡諠,3
1081,D11372,保金四Ａ,校外實習（一）,(0000),選,1,4,星期六,4,2,卓翠月,3
1081,D11373,保金四Ａ,校外實習（一）,(0000),選,1,4,星期六,4,2,謝淑慧,3
1081,D11374,保金四Ａ,校外實習（一）,(0000),選,1,4,星期六,4,2,劉俊廷,3
1081,D7077,國貿四Ａ,校外實習 (另併２班),(0000),選,1,4,星期六,4,2,楊維娟,3
1081,D12259,國貿四Ａ,校外實習 (另併２班),(0000),選,1,4,星期六,4,2,黃俊儒,3
1081,D12260,國貿四Ａ,校外實習 (另併２班),(0000),選,1,4,星期六,4,2,蔡樹芬,3
1081,D12261,國貿四Ａ,校外實習 (另併２班),(0000),選,1,4,星期六,4,2,張慈淑,3
1081,D12262,國貿四Ａ,校外實習 (另併２班),(0000),選,1,4,星期六,4,2,李金玲,3
1081,D12263,國貿四Ａ,校外實習 (另併２班),(0000),選,1,4,星期六,4,2,姜祖華,3
1081,D12264,國貿四Ａ,校外實習 (另併２班),(0000),選,1,4,星期六,4,2,陳玉蒼,3
1081,D7108,會資四Ａ,校外實習 (另併２班),(0000),選,1,4,星期六,4,2,陳美嬪,3
1081,D12283,會資四Ａ,校外實習 (另併２班),(0000),選,1,4,星期六,4,2,劉若蘭,3
1081,D12284,會資四Ａ,校外實習 (另併２班),(0000),選,1,4,星期六,4,2,蘇淑慧,3
1081,D12285,會資四Ａ,校外實習 (另併２班),(0000),選,1,4,星期六,4,2,蔡京姐,3
1081,D12286,會資四Ａ,校外實習 (另併２班),(0000),選,1,4,星期六,4,2,黃惠君,3
1081,D12287,會資四Ａ,校外實習 (另併２班),(0000),選,1,4,星期六,4,2,溫宜潔,3
1081,D12288,會資四Ａ,校外實習 (另併２班),(0000),選,1,4,星期六,4,2,黃玟心,3
1081,D12289,會資四Ａ,校外實習 (另併２班),(0000),選,1,4,星期六,4,2,林裕章,3
1081,D7163,流管四Ａ,物流實務專題（一）,(0000),必,1,2,星期六,2,2,陳彥匡,3
1081,D7157,流管四Ａ,校外實習 (另併１班),(0000),選,5,8,星期六,4,2,林文祥,3
1081,D12277,流管四Ａ,校外實習 (另併１班),(0000),選,5,8,星期六,4,2,蔡子安,3
1081,D12278,流管四Ａ,校外實習 (另併１班),(0000),選,5,8,星期六,4,2,劉彩霈,3
1081,D12279,流管四Ａ,校外實習 (另併１班),(0000),選,5,8,星期六,4,2,楊志文,3
1081,D7164,流管四Ａ,商店經營實務專題（一）,(0000),必,3,4,星期六,2,2,林文祥林心慧,3
1081,D7193,資管四Ａ,資訊管理實務專題（二）,(0000),必,1,2,星期六,2,2,黃秀美,3
1081,D8552,資管四Ａ,資訊管理實務專題（二）,(0000),必,1,2,星期六,2,2,陳牧言,3
1081,D12354,資管四Ａ,資訊管理實務專題（二）,(0000),必,1,2,星期六,2,2,蕭國倫,3
1081,D4455,老服四１,機構品質與評鑑,(R405),必,1,2,星期一,2,2,梁亞文,4
1081,D4456,老服四１,周全性老年評估與照顧,(R405),必,3,4,星期一,2,2,李卓倫,4
1081,D4490,美容四１,手足保養與美化,(T101),選,5,7,星期一,3,3,李姿穎,4
1081,D8081,美容四１,校外實習（一）,(0000),選,1,1,星期一,9,9,許采茵,4
1081,D4921,財稅四１,地方財政 (另併１班),(7705),選,2,4,星期一,3,3,馮永猷,4
1081,D4932,財稅四１,審計學 (學年),(7705),必,5,7,星期一,3,2,林玫君,4
1081,D5290,會資四２,高等會計（二）,(7306),必,3,4,星期一,4,3,劉育秀,4
1081,D5456,商設四１,校外實習,(4406),選,5,8,星期一,4,2,洪祺森,4
1081,D12324,商設四１,文化技藝傳承與創新開發,(4405),選,2,4,星期一,3,3,洪祺森,4
1081,D9128,資工四１,實務專題（二）,(2701),必,7,8,星期一,2,2,張家瑋,4
1081,D9129,資工四１,實務專題（二）,(2701),必,1,2,星期一,2,2,洪啟舜,4
1081,D5673,應中四１,語言與文化 (另併２班),(3812),必,3,4,星期一,2,2,戴岳弦,4
1081,D5731,日語四１,商用英語會話Ⅰ,(3412),必,5,6,星期一,2,2,魏毓瑛,4
1081,D5822,企管系經營管理專班四１,連鎖商店管理,(7801),必,5,6,星期一,2,2,劉佳南,4
1081,D5823,企管系經營管理專班四１,網路商店經營管理,(7801),必,2,4,星期一,3,3,陳雅玲,4
1081,D8249,體育四１,運動與健康（三） - 飛鏢理論與實務,(0000),選,3,4,星期一,2,2,簡偉倫,4
1081,D4485,美容三１,整體造型設計 (另併１班),(R208),必,2,4,星期一,3,3,黃啟方,4
1081,D4576,護理三１,兒科護理學及實驗,(T503),必,7,8,星期一,4,3,張玠,4
1081,D4577,護理三１,產科護理學及實驗,(T504),必,3,4,星期一,4,3,張倖綺,4
1081,D4585,護理三２,內外科護理學及實驗（二）,(T503),必,2,4,星期一,5,4,蘇淑芬楊其璇,4
1081,D4586,護理三２,兒科護理學及實驗,(T302),必,5,6,星期一,4,3,張玠,4
1081,D4596,護理三３,兒科護理學及實驗,(T404),必,5,6,星期一,4,3,劉千琪,4
1081,D4597,護理三３,產科護理學及實驗,(T501),必,1,2,星期一,4,3,葉月珍,4
1081,D4655,休閒三１,飲務管理,(H502),選,5,7,星期一,3,3,曾俊奇,4
1081,D4793,保金三１,利率學,(5305),必,5,7,星期一,3,3,蘇真慧,4
1081,D4896,財稅三１,個體經濟學（二） (另併１班),(7919),選,2,4,星期一,3,3,張淑華,4
1081,D4897,財稅三１,商用英文選讀（一） (另併１班),(H301),選,5,6,星期一,2,1,謝湘雯,4
1081,D4898,財稅三１,商業會計實務 (另併１班),(7304),選,7,9,星期一,3,3,王國揚,4
1081,D5124,國貿三１,國際貿易實務 (學年),(3706),必,2,4,星期一,3,3,楊維娟,4
1081,D5143,國貿三２,國際貿易實務 (學年),(3708),必,4,6,星期一,3,3,何淑鈴,4
1081,D5259,會資三２,會計資訊系統 (學年),(7303),必,2,4,星期一,3,2,陳美嬪,4
1081,D5256,會資三２,成本與管理會計（二）,(7402),必,5,6,星期一,4,3,蔡京姐,4
1081,D5319,應統三１,時間數列分析,(7501),必,2,4,星期一,3,3,柯沛程,4
1081,D5358,多媒三１,互動媒體藝術設計,(4419),選,5,7,星期一,3,3,吳彥良,4
1081,D5401,室設三１,電腦輔助設計,(4314),選,5,7,星期一,3,3,藍儒鴻,4
1081,D5405,室設三１,應用文與習作,(4307),必,3,4,星期一,2,2,陳柏全,4
1081,D5452,商設三１,應用文與習作,(3304),必,1,2,星期一,2,2,陳柏全,4
1081,D5495,流管三１,作業研究 (學年),(6901),必,2,4,星期一,3,2,陳彥匡,4
1081,D5554,資工三１,嵌入式系統概論,(2702),必,5,7,星期一,3,3,陳永隆,4
1081,D5558,資工三２,Ajax程式設計 (另併１班),(2702),選,2,4,星期一,3,3,張家瑋,4
1081,D5567,資工三２,軟體工程,(2704),必,5,7,星期一,3,3,盧永豐,4
1081,D5619,資管三１,行銷管理,(6503),必,2,4,星期一,3,3,何瑞枝,4
1081,D5614,資管三１,巨量資料分析,(2402),選,5,7,星期一,3,3,林真伊,4
1081,D5667,應中三１,應用文與習作,(3904),必,1,2,星期一,2,2,吳東晟,4
1081,D5719,日語三１,國貿實務Ⅰ,(3611),必,3,4,星期一,2,2,李嗣堯,4
1081,D5720,日語三１,財經日文,(3611),必,5,6,星期一,2,2,葉東哲,4
1081,D5778,英語三１,專題製作導論（一）,(3505),必,3,4,星期一,2,2,張文俐,4
1081,D5779,英語三１,應用文與習作,(3505),必,5,6,星期一,2,2,陳柏全,4
1081,D5812,企管系經營管理專班三１,服務禮儀,(7803),選,5,6,星期一,2,2,吳叔銘,4
1081,D5814,企管系經營管理專班三１,流通專題研討,(7417),必,2,4,星期一,3,3,劉佳南,4
1081,D5838,美容系技優班三１,專題研究(一),(0000),必,8,8,星期一,2,2,黃啟方,4
1081,D5840,美容系技優班三１,技術輔導教學(五),(0000),必,1,1,星期一,1,0,黃啟方,4
1081,D5831,美容系技優班三１,新娘包頭設計,(R207),選,5,7,星期一,3,3,黃啟方,4
1081,D8422,通識三１,生活與化學 (自然科學領域),(3302),選,7,8,星期一,2,2,韓聖,4
1081,D8423,通識三１,企劃撰寫與執行 (生活應用領域),(3303),選,7,8,星期一,2,2,游曉薇,4
1081,D8425,通識三１,全民國防教育軍事訓練（一） (生活應用領域),(8402),選,7,8,星期一,2,2,李文夆,4
1081,D8424,通識三１,電影美學 (藝術領域),(3903),選,7,8,星期一,2,2,何寶籃,4
1081,D8420,通識三１,清代臺灣儒學與文化 (人文領域),(3309),選,7,8,星期一,2,2,李建德,4
1081,D8421,通識三１,社會企業與地方創生 (社會科學領域),(3304),選,7,8,星期一,2,2,周芳怡,4
1081,D8237,體育三１,運動與健康（一） - 飛鏢理論與實務,(0000),選,1,2,星期一,2,2,簡偉倫,4
1081,D8335,語言三１,英文檢定輔導,(3415),選,1,2,星期一,2,0,劉珞安,4
1081,D8367,語言三４,進階英文檢定輔導,(3415),選,7,8,星期一,2,0,劉珞安,4
1081,D11247,語言三９,英文檢定輔導,(3413),選,5,6,星期一,2,0,陳永豪,4
1081,D4427,老服二１,民主憲政與法治,(R409),必,5,6,星期一,2,2,涂力旋,4
1081,D4428,老服二１,老人服務事業行銷,(R409),必,3,4,星期一,2,2,曾煥書,4
1081,D4429,老服二１,老人健康促進活動設計,(R409),必,1,2,星期一,2,2,李卓倫,4
1081,D4425,老服二１,健康照顧體系概論,(R409),選,7,8,星期一,2,2,楊栢勳,4
1081,D4472,美容二１,美容營養學,(T201),必,5,6,星期一,2,2,高而仕,4
1081,D4475,美容二１,當代藝術思潮,(R206),必,3,4,星期一,2,2,王麗菱,4
1081,D4545,護理二１,基本護理學及實驗（二）,(T503),必,5,6,星期一,6,3,孫嘉玲王淑諒,4
1081,D4554,護理二２,應用文與習作,(T403),必,3,4,星期一,2,2,顏靜馨,4
1081,D4556,護理二２,基本護理學及實驗（二）,(M403),必,1,2,星期一,6,3,鄭美莉王萱萁,4
1081,D4562,護理二３,生理學實驗,(T303),必,3,4,星期一,2,1,洪慧娟,4
1081,D4565,護理二３,應用文與習作,(T403),必,1,2,星期一,2,2,顏靜馨,4
1081,D4644,休閒二１,人力資源管理,(H514),必,2,4,星期一,3,3,韓聖,4
1081,D4648,休閒二１,生涯運動 (學年),(0000),必,5,6,星期一,2,0,體育老師,4
1081,D4637,休閒二１,旅行業資訊應用,(H402),選,7,9,星期一,3,3,鄧秀玉,4
1081,D4687,企管二１,生涯運動 (學年),(0000),必,7,8,星期一,2,0,體育老師,4
1081,D4764,保金二１,生涯運動 (學年),(0000),必,5,6,星期一,2,0,體育老師,4
1081,D9111,保金二１,金融行銷,(7403),選,2,4,星期一,3,3,廖采如,4
1081,D4778,保金二２,生涯運動 (學年),(0000),必,7,8,星期一,2,0,體育老師,4
1081,D9110,保金二２,風險管理策略,(7703),必,5,6,星期一,3,3,劉俊廷,4
1081,D9088,保金二２,理財規劃,(7707),選,2,4,星期一,3,3,卓翠月,4
1081,D4880,財稅二１,生涯運動 (學年),(0000),必,5,6,星期一,2,0,體育老師,4
1081,D4882,財稅二１,財政學 (學年),(7918),必,2,4,星期一,3,3,黃淑惠,4
1081,D4890,財稅二２,生涯運動 (學年),(0000),必,7,8,星期一,2,0,體育老師,4
1081,D4891,財稅二２,租稅法規 (學年),(7918),必,5,6,星期一,2,2,黃淑惠,4
1081,D4989,財金二１,生涯運動 (學年),(0000),必,5,6,星期一,2,0,體育老師,4
1081,D4985,財金二１,個體經濟學,(H716),必,2,4,星期一,3,3,李靜芠,4
1081,D4987,財金二１,臺灣開發史,(H716),必,7,8,星期一,2,2,陳允成,4
1081,D5004,財金二２,生涯運動 (學年),(0000),必,7,8,星期一,2,0,體育老師,4
1081,D5001,財金二２,貨幣銀行學,(H717),必,2,4,星期一,3,3,邱臙珍,4
1081,D5002,財金二２,臺灣開發史,(H717),必,5,6,星期一,2,2,陳允成,4
1081,D5088,國貿二１,生涯運動 (學年),(0000),必,5,6,星期一,2,0,體育老師,4
1081,D5085,國貿二１,臺灣開發史,(3703),必,1,2,星期一,2,2,郭鎧銘,4
1081,D5103,國貿二２,生涯運動 (學年),(0000),必,7,8,星期一,2,0,體育老師,4
1081,D5217,會資二１,生涯運動 (學年),(0000),必,5,6,星期一,2,0,體育老師,4
1081,D5230,會資二２,生涯運動 (學年),(0000),必,7,8,星期一,2,0,體育老師,4
1081,D5228,會資二２,中級會計（二）,(7304),必,5,6,星期一,5,4,溫宜潔,4
1081,D5313,應統二１,生涯運動 (學年),(0000),必,5,6,星期一,2,0,體育老師,4
1081,D5306,應統二１,統計應用數學,(7507),選,2,4,星期一,3,3,朱蘊鑛,4
1081,D5311,應統二１,臺灣開發史,(7507),必,7,8,星期一,2,2,魏嚴堅,4
1081,D5354,多媒二１,生涯運動 (學年),(0000),必,5,6,星期一,2,0,體育老師,4
1081,D5348,多媒二１,數位影片製作,(4509),選,2,4,星期一,3,3,曾志峰,4
1081,D5397,室設二１,生涯運動 (學年),(0000),必,7,8,星期一,2,0,體育老師,4
1081,D5392,室設二１,材料與工法,(4313),必,5,6,星期一,2,2,李孟杰,4
1081,D5396,室設二１,電腦輔助室內設計製圖,(4314),必,2,4,星期一,3,3,藍儒鴻,4
1081,D5437,商設二１,生涯運動 (學年),(0000),必,5,6,星期一,2,0,體育老師,4
1081,D5433,商設二１,設計方法,(4408),必,7,8,星期一,2,2,林佩如,4
1081,D5434,商設二１,圖文造形,(4503),必,3,4,星期一,2,2,邱義盛,4
1081,D5483,流管二１,生涯運動 (學年),(0000),必,5,6,星期一,2,0,體育老師,4
1081,D9295,流管二１,財務管理,(6704),選,2,4,星期一,3,3,楊淑玲,4
1081,D5535,資工二１,工程數學,(6605),必,1,3,星期一,3,3,林春宏,4
1081,D5542,資工二１,生涯運動 (學年),(0000),必,7,8,星期一,2,0,體育老師,4
1081,D5532,資工二１,電子商務安全,(2701),選,4,6,星期一,3,3,張雅芬,4
1081,D5599,資管二１,人力資源管理,(6502),必,2,4,星期一,3,3,張玲娥,4
1081,D5603,資管二１,生涯運動 (學年),(0000),必,7,8,星期一,2,0,體育老師,4
1081,D5657,應中二１,生涯運動 (學年),(0000),必,7,8,星期一,2,0,體育老師,4
1081,D5651,應中二１,廣告符碼與應用,(3903),選,5,6,星期一,2,2,何寶籃,4
1081,D5703,日語二１,生涯運動 (學年),(0000),必,7,8,星期一,2,0,體育老師,4
1081,D5764,英語二１,生涯運動 (學年),(0000),必,5,6,星期一,2,0,體育老師,4
1081,D5766,英語二１,商用英語會話 (學年),(3401),必,7,8,星期一,2,2,莫利斯,4
1081,D8589,英語二１,商用英語會話 (學年),(3402),必,7,8,星期一,2,2,李華德,4
1081,D5767,英語二１,現代英美文化主題閱讀 (學年),(3201),必,2,4,星期一,3,3,劉世明,4
1081,D8396,通識二１,全民國防教育軍事訓練（三） (生活應用領域),(8301),選,3,4,星期一,2,2,林進士,4
1081,D8394,通識二１,身心整合與心理健康 (生活應用領域),(3303),選,3,4,星期一,2,2,楊淳斐,4
1081,D8397,通識二１,建築美學 (藝術領域),(3304),選,3,4,星期一,2,2,何昕家,4
1081,D8398,通識二１,哲學與修養 (人文領域),(3309),選,3,4,星期一,2,2,林盈銓,4
1081,D8393,通識二１,文創產業與行銷策略 (社會科學領域),(3302),選,3,4,星期一,2,2,吳政峰,4
1081,D8395,通識二１,數位學習與大數據應用 (自然科學領域),(2304),選,3,4,星期一,2,2,侯幸雨,4
1081,D8197,體育二１,生涯運動 - 保齡球１,(0000),必,5,6,星期一,2,0,王建邦,4
1081,D8198,體育二１,生涯運動 - 桌球１,(0000),必,5,6,星期一,2,0,劉金鎗,4
1081,D8199,體育二１,生涯運動 - 排球1,(0000),必,5,6,星期一,2,0,張合富,4
1081,D8200,體育二１,生涯運動 - 籃球,(0000),必,5,6,星期一,2,0,陳明宏,4
1081,D8201,體育二１,生涯運動 - 蛙泳,(0000),必,5,6,星期一,2,0,黃僅喻,4
1081,D8202,體育二１,生涯運動 - 防身術,(0000),必,5,6,星期一,2,0,陳培季,4
1081,D8203,體育二１,生涯運動 - 健身運動,(0000),必,5,6,星期一,2,0,李建平,4
1081,D8204,體育二１,生涯運動 - 多功能有氧舞蹈,(0000),必,5,6,星期一,2,0,陳盈幸,4
1081,D8205,體育二１,生涯運動 - 桌球２,(0000),必,5,6,星期一,2,0,劉記帆,4
1081,D8206,體育二１,生涯運動 - 羽球,(0000),必,5,6,星期一,2,0,李俊杰,4
1081,D8207,體育二１,生涯運動 - 瑜珈,(0000),必,5,6,星期一,2,0,張珈瑛,4
1081,D8208,體育二１,生涯運動 - 撞球,(0000),必,5,6,星期一,2,0,楊沛峰,4
1081,D8209,體育二１,生涯運動 - 壘球,(0000),必,5,6,星期一,2,0,林東興,4
1081,D8210,體育二１,生涯運動 - 健康有氧舞蹈,(0000),必,5,6,星期一,2,0,楊育寧,4
1081,D8211,體育二１,生涯運動 - 飛鏢,(0000),必,5,6,星期一,2,0,謝沛蓁,4
1081,D8212,體育二２,生涯運動 - 保齡球１,(0000),必,7,8,星期一,2,0,王建邦,4
1081,D8213,體育二２,生涯運動 - 桌球１,(0000),必,7,8,星期一,2,0,劉金鎗,4
1081,D8214,體育二２,生涯運動 - 排球1,(0000),必,7,8,星期一,2,0,張合富,4
1081,D8215,體育二２,生涯運動 - 網球,(0000),必,7,8,星期一,2,0,鄧政顯,4
1081,D8216,體育二２,生涯運動 - 籃球,(0000),必,7,8,星期一,2,0,陳明宏,4
1081,D8217,體育二２,生涯運動 - 蛙泳,(0000),必,7,8,星期一,2,0,黃僅喻,4
1081,D8218,體育二２,生涯運動 - 防身術,(0000),必,7,8,星期一,2,0,陳培季,4
1081,D8219,體育二２,生涯運動 - 健身運動,(0000),必,7,8,星期一,2,0,李建平,4
1081,D8220,體育二２,生涯運動 - 多功能有氧舞蹈,(0000),必,7,8,星期一,2,0,陳盈幸,4
1081,D8221,體育二２,生涯運動 - 桌球２,(0000),必,7,8,星期一,2,0,莊哲偉,4
1081,D8222,體育二２,生涯運動 - 羽球,(0000),必,7,8,星期一,2,0,李俊杰,4
1081,D8223,體育二２,生涯運動 - 瑜珈,(0000),必,7,8,星期一,2,0,張珈瑛,4
1081,D8224,體育二２,生涯運動 - 健康有氧舞蹈,(0000),必,7,8,星期一,2,0,楊育寧,4
1081,D8225,體育二２,生涯運動 - 飛鏢,(0000),必,7,8,星期一,2,0,謝沛蓁,4
1081,D8226,體育二２,生涯運動 - 撞球,(0000),必,7,8,星期一,2,0,楊沛峰,4
1081,D8154,語言二１,英語聽力與閱讀（一）,(3701),選,5,6,星期一,2,2,劉宜蕙,4
1081,D8157,語言二２,英語聽力與閱讀（一）,(3702),選,7,8,星期一,2,2,劉宜蕙,4
1081,D8159,語言二３,英語聽力與閱讀（一）,(3703),選,5,6,星期一,2,2,李一帆,4
1081,D8158,語言二４,英語聽力與閱讀（一）,(3701),選,7,8,星期一,2,2,張芳琪,4
1081,D4414,老服一１,生活與照顧服務概論,(R405),必,5,6,星期一,2,2,邱美汝,4
1081,D4418,老服一１,老人照顧技術與實作,(R311),必,2,4,星期一,3,3,吳柏蒼,4
1081,D4498,護理一１,民主憲政與法治,(T504),必,7,8,星期一,2,2,涂力旋,4
1081,D4501,護理一１,解剖學,(T304),必,3,4,星期一,2,2,王慈娟,4
1081,D4503,護理一１,營養學,(T504),必,5,6,星期一,2,2,張曼萍,4
1081,D4511,護理一２,民主憲政與法治,(T113),必,5,6,星期一,2,2,陳世杰,4
1081,D4514,護理一２,解剖學,(T112),必,7,8,星期一,2,2,王慈娟,4
1081,D4516,護理一２,營養學,(M403),必,3,4,星期一,2,2,鄭美莉王萱萁,4
1081,D4524,護理一３,民主憲政與法治,(T113),必,7,8,星期一,2,2,陳世杰,4
1081,D4525,護理一３,生物化學,(T302),必,3,4,星期一,2,2,湯曉君,4
1081,D4527,護理一３,解剖學,(T112),必,5,6,星期一,2,2,王慈娟,4
1081,D4623,休閒一１,休閒應用日語（一）,(H515),選,5,6,星期一,2,2,鍾瑞芳,4
1081,D4633,休閒一１,經濟學 (學年),(H515),必,2,4,星期一,3,3,張李淑容,4
1081,D4669,企管一１,微積分,(7808),必,5,7,星期一,3,3,張詠盛,4
1081,D4676,企管一１,經濟學 (學年),(7808),必,2,4,星期一,3,3,陳柏儒,4
1081,D4670,企管一１,學涯規劃,(7808),必,8,8,星期一,1,1,黃孟儒,4
1081,D4727,保金一１,英語檢定（一） (學年),(7706),選,3,4,星期一,2,1,魏毓瑛,4
1081,D4731,保金一１,國文 (學年),(7706),必,1,2,星期一,2,2,黃麗娟,4
1081,D4734,保金一１,經濟學 (學年),(7706),必,5,7,星期一,3,3,邱泰穎,4
1081,D4751,保金一２,經濟學 (學年),(7701),必,2,4,星期一,3,3,邱泰穎,4
1081,D4740,保金一２,學涯規劃,(3206),必,7,7,星期一,1,1,黃孟儒,4
1081,D4741,保金一２,大學之道,(3206),必,5,6,星期一,2,2,周芳怡,4
1081,D4850,財稅一１,民法,(7506),必,3,4,星期一,3,3,謝蕙如,4
1081,D4849,財稅一１,國際禮儀 (另併１班),(7920),選,1,2,星期一,3,3,林冰如陳淑娟,4
1081,D4857,財稅一１,微積分 (學年),(7920),必,5,6,星期一,2,2,張瀞云,4
1081,D4858,財稅一１,會計學（一） (學年),(7920),必,7,9,星期一,5,4,蔡旻秀,4
1081,D4871,財稅一２,微積分 (學年),(7919),必,8,9,星期一,2,2,張瀞云,4
1081,D4872,財稅一２,會計學（一） (學年),(7919),必,5,7,星期一,5,4,張允文,4
1081,D4866,財稅一２,大學之道,(7505),必,3,4,星期一,2,2,游曉薇,4
1081,D4949,財金一１,行銷管理,(H516),選,5,7,星期一,3,3,李安珮,4
1081,D4950,財金一１,商用英語會話（一）,(H516),選,3,4,星期一,2,1,魏中瑄,4
1081,D4952,財金一１,學涯規劃,(H516),必,8,8,星期一,1,1,林育秀,4
1081,D4964,財金一２,行銷管理,(H517),選,2,4,星期一,3,3,鍾鳳珍,4
1081,D4971,財金一２,初級會計學 (學年),(H517),必,7,8,星期一,4,3,陳佳宜,4
1081,D4968,財金一２,大學之道,(H517),必,5,6,星期一,2,2,游曉薇,4
1081,D5057,國貿一１,微積分 (學年) (另併１班),(3704),選,8,9,星期一,2,2,張煜明,4
1081,D5060,國貿一１,會計學 (學年),(3701),必,1,3,星期一,3,3,陳佳宜,4
1081,D5055,國貿一１,程式設計與應用,(3806),必,5,7,星期一,3,3,林維展,4
1081,D5074,國貿一２,會計學 (學年),(3702),必,4,6,星期一,3,3,陳佳宜,4
1081,D5075,國貿一２,經濟學 (學年),(3708),必,1,3,星期一,3,3,黃美卿,4
1081,D5182,會資一１,民法,(7308),必,2,4,星期一,3,3,李宏仁,4
1081,D5187,會資一１,程式設計與應用,(7602),必,7,8,星期一,2,2,林裕章,4
1081,D5196,會資一２,企業管理,(7307),必,7,9,星期一,3,3,林秀霞,4
1081,D5204,會資一２,微積分 (學年),(7307),必,2,4,星期一,3,3,黃韞臻,4
1081,D5200,會資一２,程式設計與應用,(7602),必,5,6,星期一,2,2,林裕章,4
1081,D5299,應統一１,統計學 (學年),(7508),必,5,7,星期一,3,3,楊佑傑,4
1081,D5301,應統一１,經濟學 (學年),(7508),必,2,4,星期一,3,3,張瀞云,4
1081,D5338,多媒一１,學涯規劃,(4308),必,7,7,星期一,1,1,薛家欣,4
1081,D5344,多媒一１,體育 (學年),(0000),必,3,4,星期一,2,0,張育瑞,4
1081,D5378,室設一１,基礎設計,(4309),必,2,6,星期一,5,4,陳佩瑜,4
1081,D8539,室設一１,基礎設計,(4315),必,2,6,星期一,5,4,何宏文,4
1081,D8540,室設一１,基礎設計,(4316),必,2,6,星期一,5,4,沈宏霖,4
1081,D12400,室設一１,基礎設計,(0000),必,2,6,星期一,5,4,許世芸,4
1081,D5380,室設一１,學涯規劃,(4307),必,7,7,星期一,1,1,林育秀,4
1081,D5420,商設一１,基礎攝影,(4508),必,5,7,星期一,3,3,邱旭蓮,4
1081,D5421,商設一１,學涯規劃,(4308),必,8,8,星期一,1,1,薛家欣,4
1081,D5426,商設一１,體育 (學年),(0000),必,3,4,星期一,2,0,林東興,4
1081,D5472,流管一１,會計學 (學年),(6703),必,5,7,星期一,3,2,張李淑容,4
1081,D5474,流管一１,體育 (學年),(0000),必,3,4,星期一,2,0,何全進,4
1081,D5511,資工一１,程式設計,(2703),必,5,8,星期一,4,3,陳同孝洪維恩,4
1081,D5521,資工一２,計算機概論,(2704),必,2,4,星期一,3,3,陳世穎,4
1081,D5528,資工一２,微積分 (學年),(6601),必,6,8,星期一,3,3,林春宏,4
1081,D5591,資管一１,微積分 (學年),(6602),必,5,7,星期一,3,3,林韋宏,4
1081,D5585,資管一１,會計學,(6505),必,2,4,星期一,3,3,張瑞元,4
1081,D5586,資管一１,學涯規劃,(6502),必,1,1,星期一,1,1,張玲娥,4
1081,D5643,應中一１,國文 (學年),(3902),必,5,6,星期一,2,2,王千宜,4
1081,D5640,應中一１,學涯規劃,(3902),必,7,7,星期一,1,1,張致苾,4
1081,D5644,應中一１,體育 (學年),(0000),必,3,4,星期一,2,0,劉記帆,4
1081,D5684,日語一１,日文（一）,(3405),必,7,8,星期一,4,4,林雅芬,4
1081,D5690,日語一１,體育 (學年),(0000),必,3,4,星期一,2,0,楊士欣,4
1081,D8586,英語一１,句型與段落習作 (學年),(3503),必,1,2,星期一,2,2,何瑞蓮,4
1081,D5746,英語一１,字彙與閱讀 (學年),(3503),必,5,7,星期一,3,3,陳惠玲,4
1081,D5738,英語一１,英語會話,(3503),必,3,4,星期一,2,2,盛凱翺,4
1081,D8587,英語一１,英語會話,(3502),必,3,4,星期一,2,2,馬丁,4
1081,D8389,通識一１,哲學與修養 (人文領域),(3302),選,1,2,星期一,2,2,林盈銓,4
1081,D8514,通識一１,社會發展與規劃設計 (社會科學領域),(3303),選,1,2,星期一,2,2,黃孟儒,4
1081,D8172,語言一１,越南語 (學年),(3710),選,5,6,星期一,2,2,阮氏蕾,4
1081,D8081,美容四１,校外實習（一）,(0000),選,1,1,星期一,9,9,許采茵,4
1081,D4924,財稅四１,財稅英文（一） (另併１班),(7919),選,1,2,星期二,2,1,陳淑娟,4
1081,D5156,國貿四１,國貿資訊系統,(3806),必,3,4,星期二,2,2,張慈淑,4
1081,D8361,國貿四１,國際財務管理,(3709),必,5,7,星期二,3,3,陳香如,4
1081,D5162,國貿四１,西班牙語（三） (學年) (另併１班),(3709),選,1,2,星期二,2,2,林麗涒,4
1081,D5175,國貿四２,國際金融與匯兌,(3710),必,5,7,星期二,3,3,林家慶,4
1081,D5176,國貿四２,國際經貿法,(3710),必,3,4,星期二,2,2,曾文威,4
1081,D5274,會資四１,財務報表分析,(7306),必,5,7,星期二,3,3,莊豐銘,4
1081,D5370,多媒四１,傳播與媒體分析,(4308),選,5,6,星期二,2,2,陳凱劭,4
1081,D5414,室設四１,畢業設計（一）,(4309),必,3,8,星期二,6,4,李孟杰,4
1081,D8532,室設四１,畢業設計（一）,(4315),必,3,8,星期二,6,4,劉易鑫,4
1081,D8533,室設四１,畢業設計（一）,(4316),必,3,8,星期二,6,4,黃金旭,4
1081,D8534,室設四１,畢業設計（一）,(4316),必,3,8,星期二,6,4,蘇林立,4
1081,D8544,室設四１,畢業設計（一）,(4316),必,3,8,星期二,6,4,鄭唐皇,4
1081,D9122,資工四１,實務專題（二）,(2701),必,1,2,星期二,2,2,陳世穎,4
1081,D5628,資管四１,數位學習,(2303),選,5,7,星期二,3,3,黃天麒,4
1081,D5674,應中四１,中國思想史 (學年),(3905),必,3,4,星期二,2,2,黃麗娟,4
1081,D8250,體育四１,運動與健康（三） - 瑜珈提斯,(0000),選,5,6,星期二,2,2,郭瑜婷,4
1081,D8251,體育四１,運動與健康（三） - 保齡球理論與實務,(0000),選,7,8,星期二,2,2,蔡文宬,4
1081,D8321,體育四１,運動與健康（三） - 彈力運動,(0000),選,3,4,星期二,2,2,謝沛蓁,4
1081,D8528,體育四１,運動與健康（三） - 飛鏢理論與實務,(0000),選,7,8,星期二,2,2,謝沛蓁,4
1081,D4442,老服三１,應用文與習作,(T302),必,3,4,星期二,2,2,蔡纓勳,4
1081,D4443,老服三１,老人生活輔具與身體機能回復訓練,(R405),必,1,2,星期二,2,2,吳柏蒼,4
1081,D4445,老服三１,老人照顧技術與實作,(R311),必,5,6,星期二,2,2,吳柏蒼,4
1081,D4478,美容三１,生活毒物學 (另併１班),(3206),選,5,6,星期二,2,2,林恩仕,4
1081,D4486,美容三１,應用文與習作 (另併１班),(3309),必,7,8,星期二,2,2,李妮庭,4
1081,D4576,護理三１,兒科護理學及實驗,(T503),必,7,8,星期一,4,3,張玠,4
1081,D4578,護理三１,護理專業與倫理,(T112),必,3,4,星期二,2,2,曾月霞,4
1081,D4586,護理三２,兒科護理學及實驗,(T302),必,5,6,星期一,4,3,張玠,4
1081,D4595,護理三３,內外科護理學及實驗（二）,(T311),必,2,4,星期二,5,4,怡懋．蘇米蘇淑芬,4
1081,D4652,休閒三１,休閒應用英語（三）,(H417),選,5,6,星期二,2,2,李安珮,4
1081,D4659,休閒三１,餐飲衛生與安全,(H417),選,2,4,星期二,3,3,曾俊奇,4
1081,D4704,企管三１,生產與作業管理,(7803),必,5,7,星期二,3,3,趙正敏陳薇如,4
1081,D4797,保金三１,日文（一） (學年) (另併１班),(3601),選,3,4,星期二,2,2,張銘今,4
1081,D9089,保金三１,金融機構管理,(7706),必,5,7,星期二,3,3,陳怡諠,4
1081,D4811,保金三２,投資學,(7702),必,5,7,星期二,3,3,邱詠晴,4
1081,D4899,財稅三１,稅務會計專題 (另併１班),(7919),選,5,6,星期二,2,2,李麗琴,4
1081,D10162,財稅三１,經濟分析 (另併１班),(7918),選,2,4,星期二,3,3,張淑華,4
1081,D5016,財金三１,財務報表分析,(H714),必,2,4,星期二,3,3,謝孟芬,4
1081,D8329,財金三１,巨量資料概論 (另併１班),(H613),選,5,7,星期二,3,3,陳庭萱,4
1081,D4457,老服四１,週會/班會 (學年),(3514),必,7,8,星期三,2,0,吳秋燕,4
1081,D8068,美容四１,校外實習（一）,(0000),選,5,6,星期三,9,9,黃啟方,4
1081,D8081,美容四１,校外實習（一）,(0000),選,1,1,星期一,9,9,許采茵,4
1081,D4497,美容四１,週會/班會 (學年),(T101),必,7,8,星期三,2,0,蔡宜萱,4
1081,D4496,美容四１,芳香保健與美體實務,(TB11),選,2,4,星期三,3,3,蔡宜萱,4
1081,D4606,護理四１,週會/班會 (學年),(0000),必,7,8,星期三,2,0,葉守桓,4
1081,D4613,護理四２,週會/班會 (學年),(0000),必,7,8,星期三,2,0,王淑諒,4
1081,D4620,護理四３,週會/班會 (學年),(0000),必,7,8,星期三,2,0,孫嘉玲,4
1081,D4665,休閒四１,週會/班會 (學年),(H401),必,7,8,星期三,2,0,張李淑容,4
1081,D4719,企管四１,週會/班會 (學年),(7801),必,7,8,星期三,2,0,李家瑩,4
1081,D4825,保金四１,人身保險實務,(7703),必,2,4,星期三,3,3,陳明哲,4
1081,D4822,保金四１,商業英文雜誌選讀,(7702),選,5,6,星期三,2,2,關磊麗,4
1081,D4831,保金四１,週會/班會 (學年),(6802),必,7,8,星期三,2,0,郭玟秀,4
1081,D4847,保金四２,週會/班會 (學年),(6801),必,7,8,星期三,2,0,吳佩蓉,4
1081,D4929,財稅四１,租稅各論,(7919),必,2,4,星期三,3,3,顏志達,4
1081,D4933,財稅四１,週會/班會 (學年),(7705),必,7,8,星期三,2,0,顏志達,4
1081,D4947,財稅四２,週會/班會 (學年),(3610),必,7,8,星期三,2,0,林晏如,4
1081,D5039,財金四１,週會/班會 (學年),(H614),必,7,8,星期三,2,0,韓聖,4
1081,D5049,財金四２,週會/班會 (學年),(H615),必,7,8,星期三,2,0,周佩儀,4
1081,D5157,國貿四１,國際金融與匯兌,(3713),必,3,5,星期三,3,3,李桂枝,4
1081,D5163,國貿四１,週會/班會 (學年),(3709),必,7,8,星期三,2,0,姜祖華,4
1081,D5174,國貿四２,國貿資訊系統,(3806),必,1,2,星期三,2,2,張慈淑,4
1081,D5181,國貿四２,週會/班會 (學年),(3710),必,7,8,星期三,2,0,蔡政惠,4
1081,D5178,國貿四２,經貿英文閱讀,(3710),必,4,6,星期三,3,3,郭永興,4
1081,D5276,會資四１,週會/班會 (學年),(7306),必,7,8,星期三,2,0,王玉玫,4
1081,D5275,會資四１,高等會計（二）,(7306),必,3,4,星期三,4,3,劉育秀,4
1081,D5291,會資四２,週會/班會 (學年),(7301),必,7,8,星期三,2,0,馬蕙萱,4
1081,D5290,會資四２,高等會計（二）,(7306),必,3,4,星期一,4,3,劉育秀,4
1081,D5330,應統四１,市場調查實務,(7507),必,2,4,星期三,3,3,蘇孔志,4
1081,D5333,應統四１,週會/班會 (學年),(7505),必,7,8,星期三,2,0,郭清章,4
1081,D5372,多媒四１,專題設計與製作（I）,(4418),必,2,6,星期三,5,3,曾志峰朱中華王雨涵吳彥良,4
1081,D5409,室設四１,室內健康環境,(4317),選,3,4,星期三,2,2,李孟杰,4
1081,D8790,資工四１,實務專題（二）,(2703),必,5,6,星期三,2,2,黃馨逸,4
1081,D9132,資工四１,實務專題（二）,(2701),必,7,8,星期三,2,2,邱啟員,4
1081,D5630,資管四１,電子商務,(2604),必,2,4,星期三,3,3,王淑玲,4
1081,D12258,應中四１,共通核心職能課程,(3905),選,5,7,星期三,3,3,洪錦淳,4
1081,D12257,應中四１,數位編採與應用,(3905),選,2,4,星期三,3,3,吳惠珍,4
1081,D5804,英語四１,英文翻譯 (學年),(3402),必,3,4,星期三,2,2,陳麗清,4
1081,D8593,英語四１,英文翻譯 (學年),(3401),必,3,4,星期三,2,2,嚴嘉琪,4
1081,D5805,英語四１,商用英文寫作 (學年),(2703),必,7,8,星期三,2,2,劉光昇,4
1081,D5806,英語四１,會議英文與演練 (學年),(3401),必,5,6,星期三,2,2,嚴嘉琪,4
1081,D5824,企管系經營管理專班四１,服務業日文 (學年),(7801),選,5,6,星期三,2,2,張瓊燕,4
1081,D5818,企管系經營管理專班四１,國際人力資源管理,(7801),選,2,4,星期三,3,3,李慶賢,4
1081,D5825,企管系經營管理專班四１,週會/班會 (學年),(3504),必,7,8,星期三,2,0,簡偉倫,4
1081,D8248,體育四１,運動與健康（三） - 生存遊戲-射擊運動,(0000),選,3,4,星期三,2,2,莊哲偉,4
1081,D8252,體育四１,運動與健康（三） - 健康體線雕塑,(0000),選,7,8,星期三,2,2,劉宗翰,4
1081,D4446,老服三１,週會/班會 (學年),(R409),必,7,8,星期三,2,0,李卓倫,4
1081,D4444,老服三１,老人營養與膳食設計,(R207),必,5,6,星期三,2,2,余雅美,4
1081,D4482,美容三１,研究方法與論文寫作 (另併１班),(R207),必,3,4,星期三,2,2,卓欣穎,4
1081,D4483,美容三１,創新管理 (另併１班),(R207),必,1,2,星期三,2,2,蘇達人,4
1081,D4489,美容三１,週會/班會 (學年),(R207),必,7,8,星期三,2,0,王麗菱,4
1081,D4579,護理三１,週會/班會 (學年),(T504),必,7,8,星期三,2,0,張玠,4
1081,D4575,護理三１,內外科護理學及實驗（二）,(T503),必,2,4,星期三,5,4,陳芷如陳夏蓮,4
1081,D4589,護理三２,週會/班會 (學年),(T113),必,7,8,星期三,2,0,蘇淑芬,4
1081,D4585,護理三２,內外科護理學及實驗（二）,(T503),必,2,4,星期一,5,4,蘇淑芬楊其璇,4
1081,D4588,護理三２,護理專業與倫理,(T501),必,1,2,星期三,2,2,曾月霞,4
1081,D4594,護理三３,研究概論,(T303),必,3,4,星期三,2,2,謝惠玲,4
1081,D4599,護理三３,週會/班會 (學年),(T112),必,7,8,星期三,2,0,怡懋．蘇米,4
1081,D4595,護理三３,內外科護理學及實驗（二）,(T311),必,2,4,星期二,5,4,怡懋．蘇米蘇淑芬,4
1081,D4651,休閒三１,休閒事業整合行銷創意企劃,(H417),選,2,4,星期三,3,3,洪淑宜,4
1081,D4663,休閒三１,週會/班會 (學年),(H417),必,7,8,星期三,2,0,洪淑宜,4
1081,D4705,企管三１,週會/班會 (學年),(7802),必,7,8,星期三,2,0,李國瑋,4
1081,D4702,企管三１,經營企劃撰寫實務,(7802),選,2,4,星期三,3,3,張淑婷,4
1081,D4795,保金三１,保險金融資訊系統（一）,(7602),必,5,6,星期三,2,2,王財驛,4
1081,D4798,保金三１,週會/班會 (學年),(3505),必,7,8,星期三,2,0,簡淑華,4
1081,D4796,保金三１,應用統計,(5307),必,2,4,星期三,3,3,闕廷諭,4
1081,D4812,保金三２,保險金融資訊系統（一）,(7501),必,5,6,星期三,2,2,廖采如,4
1081,D9090,保金三２,財務報表分析,(7603),必,2,4,星期三,3,3,簡淑華,4
1081,D4815,保金三２,週會/班會 (學年),(4202),必,7,8,星期三,2,0,邱泰穎,4
1081,D4905,財稅三１,所得稅法規與實務 (學年),(7705),必,5,6,星期三,2,2,陳世豪,4
1081,D4903,財稅三１,財產稅法規與實務,(7920),必,2,4,星期三,3,3,黃淑惠,4
1081,D4907,財稅三１,週會/班會 (學年),(7920),必,7,8,星期三,2,0,沈維民,4
1081,D4916,財稅三２,成本與管理會計 (學年),(7918),必,3,4,星期三,3,2,林冰如,4
1081,D4918,財稅三２,商業英文會話 (學年),(7920),必,5,6,星期三,2,1,林冰如,4
1081,D4919,財稅三２,週會/班會 (學年),(3503),必,7,8,星期三,2,0,黃淑惠,4
1081,D5015,財金三１,投資學,(H612),必,2,4,星期三,3,3,陳秀桂,4
1081,D5018,財金三１,週會/班會 (學年),(H714),必,7,8,星期三,2,0,邱臙珍,4
1081,D5027,財金三２,財務報表分析,(H715),必,2,4,星期三,3,3,謝孟芬,4
1081,D5029,財金三２,週會/班會 (學年),(H715),必,7,8,星期三,2,0,徐鼎欣,4
1081,D5117,國貿三１,國際企業管理,(3706),必,2,4,星期三,3,3,何淑鈴,4
1081,D5118,國貿三１,國際行銷管理,(3706),必,5,6,星期三,3,3,黃美卿,4
1081,D5126,國貿三１,週會/班會 (學年),(3706),必,7,8,星期三,2,0,林家慶,4
1081,D5137,國貿三２,國際行銷管理,(3708),必,2,4,星期三,3,3,黃美卿,4
1081,D5145,國貿三２,週會/班會 (學年),(3708),必,7,8,星期三,2,0,張慈淑,4
1081,D5237,會資三１,記帳士實務 (另併１班),(7401),選,3,5,星期三,3,3,賴芳娥,4
1081,D5247,會資三１,週會/班會 (學年),(7403),必,7,8,星期三,2,0,劉若蘭,4
1081,D5244,會資三１,會計與租稅申報軟體 (學年) (另併１班),(7303),選,1,2,星期三,2,2,陳靜宜,4
1081,D5261,會資三２,週會/班會 (學年),(7402),必,7,8,星期三,2,0,蘇淑慧,4
1081,D5321,應統三１,週會/班會 (學年),(7506),必,7,8,星期三,2,0,呂岡玶,4
1081,D5356,多媒三１,三維電腦動畫,(4419),選,5,7,星期三,3,3,陳賢錫,4
1081,D8317,多媒三１,手繪情境,(4419),選,2,4,星期三,3,3,黃懷德,4
1081,D5403,室設三１,室內設計（四）,(4309),必,2,6,星期三,5,4,李琦華,4
1081,D8535,室設三１,室內設計（四）,(4315),必,2,6,星期三,5,4,羅元均,4
1081,D8536,室設三１,室內設計（四）,(4316),必,2,6,星期三,5,4,蔡雅怡,4
1081,D5448,商設三１,3D電腦繪圖,(4503),必,2,4,星期三,3,2,何宏文,4
1081,D5491,流管三１,供應鏈管理,(6901),必,2,4,星期三,3,3,陳榮昌陳志騰,4
1081,D5494,流管三１,應用文與習作,(6801),必,5,6,星期三,2,2,洪宏銘,4
1081,D5551,資工三１,作業系統,(2803),必,2,4,星期三,3,3,吳憲珠,4
1081,D5566,資工三２,科技英文,(2702),必,2,4,星期三,3,3,陳民枝,4
1081,D5617,資管三１,企業資源規劃,(2401),必,2,4,星期三,3,3,蕭國倫,4
1081,D5620,資管三１,應用文與習作,(6602),必,5,6,星期三,2,2,卓素絹,4
1081,D5668,應中三１,台灣文學史 (學年),(3904),必,5,6,星期三,2,2,林翠鳳,4
1081,D5666,應中三１,編輯實務,(3904),必,2,4,星期三,3,3,何寶籃,4
1081,D8577,日語三１,中日口譯Ⅰ,(3405),必,1,2,星期三,2,2,林雅芬,4
1081,D5705,日語三１,中日筆譯Ⅰ,(3611),選,3,4,星期三,2,2,黃英哲,4
1081,D5710,日語三１,亞洲共同體與企業‧文化 (另併１班),(3812),選,5,6,星期三,2,2,黎立仁葉東哲,4
1081,D5788,英語三１,商業英文主題閱讀 (學年),(3505),必,2,4,星期三,3,3,李右芷,4
1081,D5809,企管系經營管理專班三１,知識管理,(7803),選,2,4,星期三,3,3,陳鳳涵,4
1081,D5815,企管系經營管理專班三１,週會/班會 (學年),(6602),必,7,8,星期三,2,0,吳忠芳,4
1081,D5841,美容系技優班三１,週會/班會 (學年),(R207),必,7,8,星期三,2,0,王麗菱,4
1081,D5834,美容系技優班三１,精油理論與實務 (另併１班),(R206),必,5,6,星期三,2,2,柯智美,4
1081,D8434,通識三３,活動採訪與報導 (社會科學領域),(3304),選,7,8,星期三,2,2,游曉薇,4
1081,D8436,通識三３,運動倫理與團體動力 (生活應用領域),(3302),選,7,8,星期三,2,2,楊育寧,4
1081,D8435,通識三３,鋼琴音樂 (藝術領域),(3305),選,7,8,星期三,2,2,蔡楨華,4
1081,D8432,通識三３,科學應用與創意學習 (自然科學領域),(3309),選,7,8,星期三,2,2,吳景達,4
1081,D8433,通識三３,生命意義與價值反思 (人文領域),(3303),選,7,8,星期三,2,2,吳元豐,4
1081,D8239,體育三１,運動與健康（一） - 飛鏢理論與實務,(0000),選,5,6,星期三,2,2,簡偉倫,4
1081,D8242,體育三１,運動與健康（一） - 舒緩瑜珈,(0000),選,5,6,星期三,2,2,郭瑜婷,4
1081,D8319,體育三１,運動與健康（一） - 生存遊戲-射擊運動,(0000),選,1,2,星期三,2,2,莊哲偉,4
1081,D8334,語言三２,英文檢定輔導,(3415),選,5,6,星期三,2,0,謝享真,4
1081,D8336,語言三３,英文檢定輔導,(3413),選,7,8,星期三,2,0,廖家弘,4
1081,D8339,語言三６,進階英文檢定輔導,(3412),選,7,8,星期三,2,0,李佳欣,4
1081,D4433,老服二１,週會/班會 (學年),(R311),必,7,8,星期三,2,0,劉以慧,4
1081,D4470,美容二１,化妝品原料學,(T201),必,3,4,星期三,2,2,林恩仕,4
1081,D4471,美容二１,民主憲政與法治,(T201),必,1,2,星期三,2,2,陳如音,4
1081,D4477,美容二１,週會/班會 (學年),(R208),必,7,8,星期三,2,0,黃啟方,4
1081,D4547,護理二１,週會/班會 (學年),(T503),必,7,8,星期三,2,0,陳芷如,4
1081,D4545,護理二１,基本護理學及實驗（二）,(T503),必,5,6,星期一,6,3,孫嘉玲王淑諒,4
1081,D4558,護理二２,週會/班會 (學年),(T404),必,7,8,星期三,2,0,王慈娟,4
1081,D4556,護理二２,基本護理學及實驗（二）,(M403),必,1,2,星期一,6,3,鄭美莉王萱萁,4
1081,D4563,護理二３,病理學,(T404),必,3,4,星期三,2,2,賴宗鼎,4
1081,D4569,護理二３,週會/班會 (學年),(T403),必,7,8,星期三,2,0,謝佩倫,4
1081,D4567,護理二３,基本護理學及實驗（二）,(T404),必,1,2,星期三,6,3,孫嘉玲王淑諒,4
1081,D4650,休閒二１,週會/班會 (學年),(H514),必,7,8,星期三,2,0,鄧秀玉,4
1081,D4647,休閒二１,臺灣開發史,(H514),必,5,6,星期三,2,2,王玉玫,4
1081,D4642,休閒二１,觀光地理,(H401),選,2,4,星期三,3,3,張李淑容,4
1081,D4688,企管二１,統計學 (學年),(7606),必,2,4,星期三,3,3,張詠盛,4
1081,D4689,企管二１,週會/班會 (學年),(7803),必,7,8,星期三,2,0,龔慧珠,4
1081,D4686,企管二１,臺灣開發史,(7803),必,5,6,星期三,2,2,馬以謹,4
1081,D4765,保金二１,財務管理 (學年),(7306),必,5,6,星期三,2,2,闕廷諭,4
1081,D4766,保金二１,統計學 (學年),(7701),必,2,4,星期三,3,3,林淑惠,4
1081,D4767,保金二１,週會/班會 (學年),(7702),必,7,8,星期三,2,0,闕廷諭,4
1081,D4769,保金二２,金融市場,(7706),選,2,2,星期三,3,3,張巧宜余建明,4
1081,D4779,保金二２,財務管理 (學年),(7702),必,3,4,星期三,2,2,陳怡諠,4
1081,D4781,保金二２,週會/班會 (學年),(7703),必,7,8,星期三,2,0,蘇真慧,4
1081,D4776,保金二２,臺灣開發史,(7703),必,5,6,星期三,2,2,魏嚴堅,4
1081,D4883,財稅二１,統計學 (學年),(7918),必,5,9,星期三,3,3,顏志達,4
1081,D4885,財稅二１,週會/班會 (學年),(7918),必,7,8,星期三,2,0,張淑華,4
1081,D4884,財稅二１,會計學（二） (學年) (另併１班)(全外語教學),(H301),必,3,4,星期二,5,4,沈維民,4
1081,D4892,財稅二２,財政學 (學年),(7920),必,5,5,星期二,3,3,許義忠吳叔銘,4
1081,D4895,財稅二２,週會/班會 (學年),(7919),必,7,8,星期三,2,0,林冰如,4
1081,D4984,財金二１,金融市場,(H716),必,2,4,星期三,3,3,李靜芠,4
1081,D4979,財金二１,財金書報導讀（一） (另併１班),(H716),選,5,6,星期三,2,2,徐鼎欣,4
1081,D4992,財金二１,週會/班會 (學年),(H716),必,7,8,星期三,2,0,李靜芠,4
1081,D4999,財金二２,金融市場,(H717),必,2,4,星期三,3,3,陳庭萱,4
1081,D5007,財金二２,週會/班會 (學年),(H717),必,7,8,星期三,2,0,魏中瑄,4
1081,D5084,國貿二１,財務管理,(3703),必,2,4,星期三,3,3,陳香如,4
1081,D5092,國貿二１,週會/班會 (學年),(3703),必,7,8,星期三,2,0,吳佩勳,4
1081,D5093,國貿二２,個體經濟學,(3704),選,2,4,星期三,3,3,陳揚仁,4
1081,D5106,國貿二２,統計學 (學年),(3704),必,5,6,星期三,2,2,陳香如,4
1081,D5107,國貿二２,週會/班會 (學年),(3704),必,7,8,星期三,2,0,林佳勳,4
1081,D5208,會資二１,商業會計法及記帳法規,(7305),選,5,6,星期三,2,2,林耿權,4
1081,D5220,會資二１,週會/班會 (學年),(7305),必,7,8,星期三,2,0,任天豪,4
1081,D5214,會資二１,臺灣開發史,(7305),必,3,4,星期三,2,2,魏嚴堅,4
1081,D5231,會資二２,統計學 (學年),(7304),必,4,6,星期三,3,3,廖苹邁,4
1081,D5233,會資二２,週會/班會 (學年),(7304),必,7,8,星期三,2,0,黃惠君,4
1081,D5226,會資二２,資料庫系統,(7602),必,1,3,星期三,3,3,徐豐明,4
1081,D5314,應統二１,週會/班會 (學年),(7507),必,7,8,星期三,2,0,簡郁紘,4
1081,D5310,應統二１,資料庫管理,(7601),必,2,4,星期三,3,3,郭清章,4
1081,D5347,多媒二１,資料結構,(4509),選,5,7,星期三,3,3,黃國峰,4
1081,D5391,室設二１,民主憲政與法治,(4307),必,7,8,星期三,2,2,李宏仁,4
1081,D5393,室設二１,空間構成,(4313),必,5,6,星期三,2,2,方鳳玉,4
1081,D5430,商設二１,東方美術工藝,(4304),選,5,6,星期三,2,2,卓聖格,4
1081,D5480,流管二１,行銷與商品管理,(6704),必,5,7,星期三,3,3,林心慧,4
1081,D5485,流管二１,統計學 (學年),(6704),必,2,4,星期三,3,3,張宏吉,4
1081,D5539,資工二１,資料結構,(2703),必,2,4,星期三,3,3,陳世穎,4
1081,D5600,資管二１,民主憲政與法治,(3309),必,5,6,星期三,2,2,張凱銘,4
1081,D5646,應中二１,古典小說選讀,(3903),選,3,4,星期三,2,2,廖芮茵,4
1081,D5647,應中二１,曲選及習作,(3903),選,7,8,星期三,2,2,廖藤葉,4
1081,D5655,應中二１,歷代文選,(3903),必,5,6,星期三,3,3,吳惠珍,4
1081,D5697,日語二１,日文習作（一）,(3610),必,5,6,星期三,2,2,張瓊瑜,4
1081,D8314,日語二１,日文習作（一）,(3201),必,5,6,星期三,2,2,邱學瑾,4
1081,D5698,日語二１,日本企業組織與管理,(3601),必,7,8,星期三,2,2,黎立仁,4
1081,D5702,日語二１,經濟學（一）,(3610),必,3,4,星期三,2,2,張銘今,4
1081,D5758,英語二１,初級日語 (學年),(3503),選,5,6,星期三,2,2,洪國財,4
1081,D5765,英語二１,英文寫作 (學年),(3514),必,3,4,星期三,2,2,何瑞蓮,4
1081,D8588,英語二１,英文寫作 (學年),(3201),必,3,4,星期三,2,2,劉光昇,4
1081,D8406,通識二３,運動觀光與行銷 (生活應用領域),(6602),選,3,4,星期三,2,2,李俊杰,4
1081,D8405,通識二３,電腦與音樂編曲 (藝術領域),(2301),選,3,4,星期三,2,2,呂佳陵,4
1081,D8409,通識二３,文創產業與行銷策略 (社會科學領域),(3302),選,3,4,星期三,2,2,黃資絜,4
1081,D8408,通識二３,Scratch動畫創作與欣賞 (自然科學領域),(7605),選,3,4,星期三,2,2,賴錦緣,4
1081,D8407,通識二３,清末北洋時期的中國外交 (人文領域),(3304),選,3,4,星期三,2,2,任天豪,4
1081,D8161,語言二６,英語聽力與閱讀（一）,(3603),選,7,8,星期三,2,2,陳永豪,4
1081,D4421,老服一１,國文 (學年),(R308),必,3,4,星期三,2,2,蔡纓勳,4
1081,D4423,老服一１,週會/班會 (學年),(R405),必,7,8,星期三,2,0,蔡纓勳,4
1081,D4422,老服一１,體育 (學年),(M101),必,1,2,星期三,2,0,吳秋燕,4
1081,D4415,老服一１,老人生理解剖學,(R405),必,5,6,星期三,3,3,張文正,4
1081,D4467,美容一１,週會/班會 (學年),(R101),必,7,8,星期三,2,0,李雅婷,4
1081,D4466,美容一１,體育 (學年),(M101),必,3,4,星期三,2,0,吳秋燕,4
1081,D4510,護理一１,週會/班會 (學年),(5107),必,7,8,星期三,2,0,劉千琪,4
1081,D4509,護理一１,體育 (學年),(0000),必,1,2,星期三,2,0,李建平,4
1081,D4505,護理一１,健康資訊應用及實驗,(7501),必,3,4,星期三,2,1,羅張瓊誼,4
1081,D4512,護理一２,生物化學,(5108),必,3,4,星期三,2,2,湯曉君,4
1081,D4523,護理一２,週會/班會 (學年),(5108),必,7,8,星期三,2,0,謝惠玲,4
1081,D4518,護理一２,健康資訊應用及實驗,(7501),必,1,2,星期三,2,1,羅張瓊誼,4
1081,D4536,護理一３,週會/班會 (學年),(3206),必,7,8,星期三,2,0,洪慧娟,4
1081,D4526,護理一３,微生物免疫學,(T403),必,3,4,星期三,2,2,盧冠霖,4
1081,D4528,護理一３,學涯規劃,(T112),必,5,5,星期三,1,1,林育秀,4
1081,D4530,護理一３,護理學導論,(T403),必,1,2,星期三,2,2,楊其璇張倖綺,4
1081,D4631,休閒一１,國文 (學年),(H515),必,1,2,星期三,2,2,廖芮茵,4
1081,D4635,休閒一１,週會/班會 (學年),(H515),必,7,8,星期三,2,0,李安珮,4
1081,D4628,休閒一１,程式設計與應用,(H402),必,3,5,星期三,3,2,李姿瑤,4
1081,D4674,企管一１,國文 (學年),(7808),必,3,4,星期三,2,2,許明珠,4
1081,D4678,企管一１,週會/班會 (學年),(7808),必,7,8,星期三,2,0,王朝仕,4
1081,D4677,企管一１,體育 (學年),(0000),必,1,2,星期三,2,0,楊子孟,4
1081,D4671,企管一１,大學之道,(7808),必,5,6,星期三,2,2,任天豪,4
1081,D4736,保金一１,週會/班會 (學年),(7706),必,7,8,星期三,2,0,廖采如,4
1081,D4732,保金一１,微積分 (學年),(7707),必,5,6,星期三,2,2,林淑惠,4
1081,D4735,保金一１,體育 (學年),(0000),必,1,2,星期三,2,0,鄭任佑,4
1081,D4724,保金一１,大學之道,(3206),必,3,4,星期三,2,2,周芳怡,4
1081,D9087,保金一２,組織理論與管理,(7707),選,3,4,星期三,2,2,廖采如,4
1081,D4745,保金一２,貨幣銀行學 (學年),(7702),選,1,2,星期三,2,2,卓翠月,4
1081,D4753,保金一２,週會/班會 (學年),(7701),必,7,8,星期三,2,0,卓翠月,4
1081,D4752,保金一２,體育 (學年),(0000),必,5,6,星期三,2,0,黃僅喻,4
1081,D4861,財稅一１,週會/班會 (學年),(7902),必,7,8,星期三,2,0,張瀞云,4
1081,D4859,財稅一１,經濟學 (學年),(7705),必,3,4,星期三,3,3,張淑華,4
1081,D4851,財稅一１,學涯規劃,(7902),必,6,6,星期三,1,1,林晏如,4
1081,D4860,財稅一１,體育 (學年),(0000),必,1,2,星期三,2,0,林東興,4
1081,D4875,財稅一２,週會/班會 (學年),(7903),必,7,8,星期三,2,0,張允文,4
1081,D4865,財稅一２,學涯規劃,(7918),必,2,2,星期三,1,1,林晏如,4
1081,D4874,財稅一２,體育 (學年),(0000),必,5,6,星期三,2,0,吳忠芳,4
1081,D4958,財金一１,國文 (學年),(H516),必,5,6,星期三,2,2,廖芮茵,4
1081,D4962,財金一１,週會/班會 (學年),(H516),必,7,8,星期三,2,0,黃心怡,4
1081,D4960,財金一１,經濟學 (學年),(H516),必,2,4,星期三,3,3,黃心怡,4
1081,D4971,財金一２,初級會計學 (學年),(H517),必,7,8,星期一,4,3,陳佳宜,4
1081,D4973,財金一２,國文 (學年),(3804),必,3,4,星期三,2,2,衛琪,4
1081,D4977,財金一２,週會/班會 (學年),(H517),必,7,8,星期三,2,0,黃幼琳,4
1081,D4976,財金一２,體育 (學年),(0000),必,1,2,星期三,2,0,郭世傑,4
1081,D5059,國貿一１,國文 (學年),(3701),必,1,2,星期三,2,2,衛琪,4
1081,D5063,國貿一１,週會/班會 (學年),(3701),必,7,8,星期三,2,0,楊維娟,4
1081,D5061,國貿一１,經濟學 (學年),(3701),必,4,6,星期三,3,3,林家慶,4
1081,D5077,國貿一２,週會/班會 (學年),(3702),必,7,8,星期三,2,0,陳大鈞,4
1081,D5076,國貿一２,體育 (學年),(0000),必,5,6,星期三,2,0,張合富,4
1081,D5068,國貿一２,大學之道,(3206),必,1,2,星期三,2,2,何昕家,4
1081,D5065,國貿一２,商業英語聽力練習,(3412),選,3,4,星期三,2,2,張慈淑,4
1081,D5184,會資一１,初級會計,(7308),必,2,4,星期三,4,3,鄭如孜,4
1081,D5190,會資一１,國文 (學年),(7308),必,5,6,星期三,2,2,林燕玲,4
1081,D5194,會資一１,週會/班會 (學年),(7308),必,7,8,星期三,2,0,陳美嬪,4
1081,D5197,會資一２,初級會計,(7307),必,1,1,星期三,4,3,鄭如孜,4
1081,D5203,會資一２,國文 (學年),(7307),必,3,4,星期三,2,2,林燕玲,4
1081,D5207,會資一２,週會/班會 (學年),(7307),必,7,8,星期三,2,0,溫宜潔,4
1081,D5206,會資一２,體育 (學年),(0000),必,5,6,星期三,2,0,張素珠,4
1081,D5292,應統一１,日文（一）,(7508),選,3,4,星期三,2,2,張合富,4
1081,D5304,應統一１,週會/班會 (學年),(7508),必,7,8,星期三,2,0,楊佑傑,4
1081,D5303,應統一１,體育 (學年),(0000),必,5,6,星期三,2,0,楊育寧,4
1081,D5335,多媒一１,計算機概論,(2302),必,7,8,星期三,2,2,吳彥良,4
1081,D5385,室設一１,國文 (學年),(4307),必,3,4,星期三,2,2,蔡秀玲,4
1081,D5379,室設一１,設計史,(4317),必,5,6,星期三,2,2,陳佩瑜,4
1081,D5386,室設一１,體育 (學年),(0000),必,1,2,星期三,2,0,張素珠,4
1081,D5417,商設一１,2D電腦繪圖,(4504),必,2,4,星期三,3,3,張維真,4
1081,D5422,商設一１,繪畫（一）,(4408),必,5,7,星期三,3,3,詹玉艷,4
1081,D8617,商設一１,繪畫（一）,(4301),必,5,7,星期三,3,3,曾仁甫,4
1081,D5465,流管一１,企業管理,(6703),必,1,1,星期三,3,3,劉彩霈蔡子安,4
1081,D5470,流管一１,國文 (學年),(6703),必,7,8,星期三,2,2,吳惠珍,4
1081,D5471,流管一１,微積分 (學年),(6703),必,2,4,星期三,3,3,林泓毅,4
1081,D5464,流管一１,資料處理（一）,(6901),選,5,6,星期三,2,2,蔡子安,4
1081,D5510,資工一１,計算機概論,(2704),必,2,4,星期三,3,3,盧永豐,4
1081,D5513,資工一１,離散數學,(2702),必,5,7,星期三,3,3,詹昭文,4
1081,D5522,資工一２,程式設計,(2701),必,1,4,星期三,4,3,陳同孝洪維恩,4
1081,D5590,資管一１,程式設計 (學年),(2404),必,2,4,星期三,3,3,廖士寬,4
1081,D8559,資管一１,程式設計 (學年),(2405),必,2,4,星期三,3,3,陳大仁,4
1081,D5582,資管一１,溝通與簡報,(2301),選,5,7,星期三,3,3,何瑞枝,4
1081,D5637,應中一１,文化產業概論,(3902),必,2,4,星期三,3,3,王千宜,4
1081,D5635,應中一１,臺灣文化概論,(3902),選,7,8,星期三,2,2,林翠鳳,4
1081,D5684,日語一１,日文（一）,(3405),必,7,8,星期一,4,4,林雅芬,4
1081,D8576,日語一１,日文（一）,(3609),必,7,8,星期二,4,4,葉秋蘭,4
1081,D5676,日語一１,日本地理,(3613),選,7,8,星期三,2,2,洪國財,4
1081,D5680,日語一１,英文文法（一）,(3609),選,1,2,星期三,2,2,黃華章,4
1081,D5685,日語一１,會計學（一）,(3609),必,5,6,星期三,2,2,李嗣堯,4
1081,D5739,英語一１,英語語音學,(3503),必,3,4,星期三,2,2,曾琦芬,4
1081,D5750,英語一１,體育 (學年),(0000),必,5,6,星期三,2,0,王鈞逸,4
1081,D8516,通識一３,管理與生活 (生活應用領域),(3303),選,1,2,星期三,2,2,侯幸雨,4
1081,D8555,通識一３,中國邏輯、科技與思維 (人文領域),(3302),選,1,2,星期三,2,2,蕭宏恩,4
1081,D8178,語言一１,泰國語 (學年),(3702),選,5,6,星期三,2,2,甄美英,4
1081,D8181,語言一１,德國語 (學年),(3711),選,5,6,星期三,2,2,路以佳,4
1081,D4453,老服四１,家庭動力學,(R409),選,3,4,星期四,2,2,鄭窈窕,4
1081,D8068,美容四１,校外實習（一）,(0000),選,5,6,星期三,9,9,黃啟方,4
1081,D4708,企管四１,品牌管理,(7801),選,5,7,星期四,3,3,林宜欣,4
1081,D4717,企管四１,網路行銷,(1403),選,2,4,星期四,3,3,羅志成,4
1081,D4826,保金四１,信託投資與實務,(7603),必,2,4,星期四,3,3,簡淑華,4
1081,D4930,財稅四１,高等會計學 (學年) (另併１班),(7416),選,5,7,星期四,3,3,鄭凱文,4
1081,D4946,財稅四２,審計學 (學年),(7920),必,2,4,星期四,3,2,呂信瑩,4
1081,D5030,財金四１,不動產投資 (另併１班),(H612),選,5,7,星期四,3,3,謝富順,4
1081,D5158,國貿四１,國際經貿法,(3708),必,3,4,星期四,2,2,曾文威,4
1081,D5161,國貿四１,貿易日文（二） (學年) (另併１班),(3701),選,5,6,星期四,2,1,吳致秀,4
1081,D5160,國貿四１,經貿英文閱讀,(3703),必,7,9,星期四,3,3,郭永興,4
1081,D8362,國貿四２,國際財務管理,(3709),必,2,4,星期四,3,3,陳香如,4
1081,D5275,會資四１,高等會計（二）,(7306),必,3,4,星期三,4,3,劉育秀,4
1081,D5289,會資四２,財務報表分析,(7403),必,2,4,星期四,3,3,王雅施,4
1081,D5331,應統四１,資料探勘方法,(H514),必,2,4,星期四,3,3,楊佑傑,4
1081,D5371,多媒四１,展演設計,(4419),必,2,4,星期四,3,3,蔡子瑋黃宗堂,4
1081,D5373,多媒四１,週會/班會 (學年),(4418),必,7,8,星期四,2,0,曾志峰,4
1081,D8574,室設四１,室內工程管理與估價,(4307),選,5,6,星期四,2,2,張國樑,4
1081,D5413,室設四１,校外實習,(4317),必,1,4,星期四,4,2,蕭家孟,4
1081,D8556,室設四１,校外實習,(4317),必,1,4,星期四,4,2,李琦華,4
1081,D5415,室設四１,週會/班會 (學年),(4309),必,7,8,星期四,2,0,陳佩瑜,4
1081,D5455,商設四１,行銷活動企劃,(4405),選,5,6,星期四,2,2,何佳勳,4
1081,D5463,商設四１,週會/班會 (學年),(4508),必,7,8,星期四,2,0,邱順應,4
1081,D5508,流管四１,週會/班會 (學年),(6702),必,7,8,星期四,2,0,林文祥,4
1081,D5581,資工四１,週會/班會 (學年),(5207),必,7,8,星期四,2,0,陳民枝,4
1081,D5576,資工四１,運動與健康（三）,(0000),選,3,4,星期四,2,2,體育老師,4
1081,D5580,資工四１,實務專題（二）,(2702),必,5,6,星期四,2,2,陳民枝,4
1081,D9125,資工四１,實務專題（二）,(2703),必,5,6,星期四,2,2,陳弘明,4
1081,D5631,資管四１,週會/班會 (學年),(5107),必,7,8,星期四,2,0,連俊瑋,4
1081,D5675,應中四１,週會/班會 (學年),(3905),必,7,8,星期四,2,0,吳惠珍,4
1081,D5732,日語四１,商業日語簡報,(3613),必,1,2,星期四,2,2,葉東哲,4
1081,D8619,日語四１,商業日語簡報,(3606),必,1,2,星期四,2,2,南雄太,4
1081,D5734,日語四１,就業實務專題,(3601),必,3,4,星期四,2,2,張宜樺,4
1081,D5737,日語四１,週會/班會 (學年),(3613),必,7,8,星期四,2,0,葉秋蘭,4
1081,D5807,英語四１,週會/班會 (學年),(3506),必,7,8,星期四,2,0,李右芷,4
1081,D8594,英語四１,會議英文與演練 (學年),(3409),必,3,4,星期四,2,2,梁彩玲,4
1081,D8244,體育四１,運動與健康（三） - 撞球理論與實務,(0000),選,3,4,星期四,2,2,陳明宏,4
1081,D8245,體育四１,運動與健康（三） - 羽球理論與實務,(0000),選,3,4,星期四,2,2,吳忠芳,4
1081,D8246,體育四１,運動與健康（三） - 桌球理論與實務,(0000),選,3,4,星期四,2,2,劉坤明,4
1081,D8323,體育四１,運動與健康（三） - 生存遊戲-射擊運動,(0000),選,5,6,星期四,2,2,莊哲偉,4
1081,D8526,體育四１,運動與健康（三） - 芳療瑜珈理論與實務,(0000),選,3,4,星期四,2,2,戴貝玲,4
1081,D4434,老服三１,安寧療護,(R207),選,7,8,星期四,2,2,林怡嘉,4
1081,D4435,老服三１,老人休閒產業與旅遊規劃,(R405),選,5,6,星期四,2,2,劉志輝,4
1081,D4441,老服三１,創新管理,(R405),必,3,4,星期四,2,2,陳文意,4
1081,D4480,美容三１,多媒體視覺設計 (另併１班),(7605),選,2,4,星期四,3,3,王雨涵,4
1081,D8543,美容三１,專題研究(一),(0000),必,9,9,星期一,2,2,許采茵,4
1081,D4570,護理三１,急症護理概論 (另併２班),(T311),選,3,4,星期四,2,2,蘇淑芬,4
1081,D4572,護理三１,運動與健康（一） (另併２班),(0000),選,1,2,星期四,2,2,體育老師,4
1081,D4575,護理三１,內外科護理學及實驗（二）,(T503),必,2,4,星期三,5,4,陳芷如陳夏蓮,4
1081,D4587,護理三２,產科護理學及實驗,(T503),必,5,6,星期四,4,3,葉月珍,4
1081,D4598,護理三３,護理專業與倫理,(T504),必,5,6,星期四,2,2,曾月霞,4
1081,D4661,休閒三１,休閒產業分析,(H417),必,5,7,星期四,3,3,顏昌華,4
1081,D4662,休閒三１,休閒環境概論,(H417),必,2,4,星期四,3,3,陳元陽,4
1081,D4695,企管三１,服務業管理,(7802),選,5,7,星期四,3,3,蔡政豪,4
1081,D4700,企管三１,組織行為,(7801),選,2,4,星期四,3,3,林宜欣,4
1081,D4794,保金三１,投資學,(7703),必,4,6,星期四,3,3,邱詠晴,4
1081,D4792,保金三１,證券法規與實務 (另併１班),(7703),選,2,3,星期四,2,2,廖采如,4
1081,D4904,財稅三１,成本與管理會計 (學年),(7919),必,3,4,星期四,3,2,林冰如,4
1081,D4906,財稅三１,商業英文會話 (學年),(7920),必,5,6,星期四,2,1,林冰如,4
1081,D4917,財稅三２,所得稅法規與實務 (學年),(7918),必,5,6,星期四,2,2,黃裕聰,4
1081,D5017,財金三１,財務管理資訊系統,(H612),必,2,4,星期四,3,3,周佩儀,4
1081,D5026,財金三２,投資學,(H715),必,2,4,星期四,3,3,蘇香珍,4
1081,D5121,國貿三１,商業英語會話（二） (學年) (另併１班),(3802),選,7,8,星期四,2,2,張慈淑,4
1081,D5118,國貿三１,國際行銷管理,(3706),必,5,6,星期三,3,3,黃美卿,4
1081,D5122,國貿三１,貿易日文（一） (學年) (另併１班),(3611),選,5,6,星期四,2,1,曾欣誼,4
1081,D5125,國貿三１,貿易英文書信與習作 (學年),(3811),必,3,4,星期四,2,2,李隆生,4
1081,D5246,會資三１,審計學 (學年),(7403),必,5,7,星期四,3,3,劉若蘭,4
1081,D5242,會資三１,成本與管理會計（二）,(7306),必,3,4,星期二,4,3,劉育秀,4
1081,D5256,會資三２,成本與管理會計（二）,(7402),必,5,6,星期一,4,3,蔡京姐,4
1081,D5318,應統三１,行銷管理,(7507),必,2,4,星期四,3,3,李國郎,4
1081,D5320,應統三１,財務投資分析,(7506),必,5,7,星期四,3,3,呂岡玶,4
1081,D10176,多媒三１,互動裝置技術,(4212),選,2,4,星期四,3,3,徐豐明,4
1081,D5367,多媒三１,週會/班會 (學年),(4307),必,7,8,星期四,2,0,陳賢錫,4
1081,D5361,多媒三１,進階影音製作,(4509),選,2,4,星期四,3,3,曾志峰,4
1081,D5399,室設三１,家具設計,(4313),選,3,4,星期四,2,2,林盛宏,4
1081,D5407,室設三１,週會/班會 (學年),(4B01),必,7,8,星期四,2,0,王伶芳,4
1081,D5406,室設三１,環境視覺設計,(4317),必,5,6,星期四,2,2,陳佩瑜,4
1081,D5453,商設三１,週會/班會 (學年),(4406),必,7,8,星期四,2,0,溫志維,4
1081,D5451,商設三１,廣告設計（一）,(4503),必,4,6,星期四,3,2,林承謙,4
1081,D5496,流管三１,週會/班會 (學年),(6801),必,7,8,星期四,2,0,林泓毅,4
1081,D5557,資工三１,週會/班會 (學年),(5201),必,7,8,星期四,2,0,劉冠顯,4
1081,D5547,資工三１,運動與健康（一）,(0000),選,1,2,星期四,2,2,體育老師,4
1081,D5571,資工三２,週會/班會 (學年),(5411),必,7,8,星期四,2,0,陳同孝,4
1081,D5561,資工三２,運動與健康（一）,(0000),選,1,2,星期四,2,2,體育老師,4
1081,D5563,資工三２,影像處理 (另併１班),(2704),選,3,5,星期四,3,3,劉冠顯,4
1081,D5621,資管三１,週會/班會 (學年),(2402),必,7,8,星期四,2,0,姜琇森,4
1081,D5665,應中三１,中文教材開發,(3904),必,2,4,星期四,3,3,張群,4
1081,D5669,應中三１,週會/班會 (學年),(3904),必,7,8,星期四,2,0,王千宜,4
1081,D5664,應中三１,編劇與腳本設計,(3904),選,5,6,星期四,2,2,何寶籃,4
1081,D5715,日語三１,中日口譯Ⅰ,(3405),必,5,6,星期四,2,2,張宜樺,4
1081,D5716,日語三１,日文導讀與討論Ⅰ,(3613),必,3,4,星期四,2,2,邱學瑾,4
1081,D5721,日語三１,週會/班會 (學年),(3611),必,7,8,星期四,2,0,黃英哲,4
1081,D5787,英語三１,英語演講 (學年),(3514),必,5,6,星期四,2,2,李右芷,4
1081,D8597,英語三１,英語演講 (學年),(3409),必,5,6,星期四,2,2,陳惠玲,4
1081,D5789,英語三１,週會/班會 (學年),(3505),必,7,8,星期四,2,0,劉光昇,4
1081,D8440,通識三４,全球化與社會發展 (社會科學領域),(3309),選,7,8,星期四,2,2,張凱銘,4
1081,D8437,通識三４,科技與生活 (自然科學領域),(3304),選,7,8,星期四,2,2,鄭經偉,4
1081,D8438,通識三４,園藝與心理健康 (生活應用領域),(3302),選,7,8,星期四,2,2,林俊德,4
1081,D8439,通識三４,現代小說與當代社會 (人文領域),(3303),選,7,8,星期四,2,2,金儒農,4
1081,D8441,通識三４,爵士音樂理論與鍵盤演奏實務 (藝術領域),(3305),選,7,8,星期四,2,2,賴建宇,4
1081,D8234,體育三１,運動與健康（一） - 羽球理論與實務,(0000),選,1,2,星期四,2,2,吳忠芳,4
1081,D8235,體育三１,運動與健康（一） - 桌球理論與實務,(0000),選,1,2,星期四,2,2,王鈞逸,4
1081,D8236,體育三１,運動與健康（一） - 撞球理論與實務,(0000),選,1,2,星期四,2,2,劉坤明,4
1081,D8320,體育三１,運動與健康（一） - 健康體線雕塑,(0000),選,7,8,星期四,2,2,劉嘉豪,4
1081,D8524,體育三１,運動與健康（一） - 芳療瑜珈理論與實務,(0000),選,1,2,星期四,2,2,戴貝玲,4
1081,D8340,語言三７,進階英文檢定輔導,(3412),選,5,6,星期四,2,0,謝享真,4
1081,D11248,語言三７,進階英文檢定輔導,(3411),選,5,6,星期四,2,0,廖秀芬,4
1081,D4432,老服二１,生涯運動 (學年),(0000),必,3,4,星期四,2,0,體育老師,4
1081,D4424,老服二１,照顧空間規劃及管理,(R409),選,7,8,星期四,2,2,趙乃嘉,4
1081,D4431,老服二１,長期照護與倫理,(R409),必,5,6,星期四,2,2,洪洛伊,4
1081,D4476,美容二１,生涯運動 (學年),(0000),必,3,4,星期四,2,0,體育老師,4
1081,D4468,美容二１,髮型染燙實務,(R208),選,5,7,星期四,3,3,許采茵黃啟方,4
1081,D4546,護理二１,生涯運動 (學年),(0000),必,1,2,星期四,2,0,體育老師,4
1081,D4542,護理二１,創新管理,(5109),必,3,4,星期四,2,2,謝惠玲魏莉芳,4
1081,D4543,護理二１,應用文與習作,(5109),必,5,6,星期四,2,2,蔡政惠,4
1081,D4557,護理二２,生涯運動 (學年),(0000),必,1,2,星期四,2,0,體育老師,4
1081,D4553,護理二２,創新管理,(5207),必,5,6,星期四,2,2,謝惠玲徐牧群,4
1081,D4555,護理二２,藥理學,(5110),必,3,4,星期四,2,2,楊宜真,4
1081,D4568,護理二３,生涯運動 (學年),(0000),必,1,2,星期四,2,0,體育老師,4
1081,D4564,護理二３,創新管理,(5107),必,3,4,星期四,2,2,林益永,4
1081,D4567,護理二３,基本護理學及實驗（二）,(T404),必,1,2,星期三,6,3,孫嘉玲王淑諒,4
1081,D4638,休閒二１,會議展覽管理,(H401),選,2,4,星期四,3,3,鄧秀玉,4
1081,D4684,企管二１,行銷管理,(7803),必,2,4,星期四,3,3,李國瑋,4
1081,D4681,企管二１,商業英文,(7803),選,5,7,星期四,3,3,陳國豪,4
1081,D4755,保金二１,金融市場,(7707),選,2,4,星期四,3,3,張巧宜余建明,4
1081,D4769,保金二２,金融市場,(7706),選,2,2,星期三,3,3,張巧宜余建明,4
1081,D4775,保金二２,財產保險,(7506),必,2,4,星期四,3,3,王財驛,4
1081,D4876,財稅二１,租稅申報實務（一）,(3802),選,5,6,星期四,2,2,林晏如,4
1081,D4878,財稅二１,臺灣開發史,(7919),必,1,2,星期四,2,2,王玉玫,4
1081,D4886,財稅二２,租稅申報實務（一）,(7918),選,7,8,星期四,2,2,林晏如陳世豪,4
1081,D4888,財稅二２,臺灣開發史,(7705),必,5,6,星期四,2,2,張文昌,4
1081,D4991,財金二１,統計學 (學年),(H716),必,5,7,星期四,3,3,賴煒曾,4
1081,D5006,財金二２,統計學 (學年),(H717),必,5,7,星期四,3,3,黃心怡,4
1081,D5078,國貿二１,個體經濟學,(3708),選,7,9,星期四,3,3,郭鐘元,4
1081,D5089,國貿二１,商業英語會話（一） (學年),(3411),必,1,2,星期四,2,1,湯馬丁,4
1081,D5091,國貿二１,統計學 (學年),(3703),必,5,6,星期四,2,2,吳佩勳,4
1081,D5098,國貿二２,行銷學,(3704),必,2,4,星期四,3,3,吳佩勳,4
1081,D5105,國貿二２,國際貿易理論與政策 (學年),(3804),必,7,8,星期四,2,2,楊維娟,4
1081,D5100,國貿二２,臺灣開發史,(3704),必,5,6,星期四,2,2,魏嚴堅,4
1081,D5218,會資二１,統計學 (學年),(7305),必,2,4,星期四,3,3,廖苹邁,4
1081,D5215,會資二１,中級會計（二）,(7305),必,3,4,星期二,5,4,黃惠君,4
1081,D5221,會資二２,商業會計法及記帳法規,(7304),選,5,6,星期四,2,2,楊貞瑜,4
1081,D5227,會資二２,臺灣開發史,(7304),必,3,4,星期四,2,2,魏嚴堅,4
1081,D8153,應統二１,作業研究（二）,(7507),選,5,7,星期四,3,3,郭清章,4
1081,D5352,多媒二１,色彩學,(4419),必,5,6,星期四,2,2,游曉貞,4
1081,D5355,多媒二１,週會/班會 (學年),(4306),必,7,8,星期四,2,0,徐豐明,4
1081,D5350,多媒二１,編劇與腳本企劃,(5302),選,3,4,星期四,2,2,黃資絜,4
1081,D5394,室設二１,室內設計（二）,(4309),必,2,6,星期四,5,4,王伶芳,4
1081,D8537,室設二１,室內設計（二）,(4315),必,2,6,星期四,5,4,葉佳隴,4
1081,D8538,室設二１,室內設計（二）,(4316),必,2,6,星期四,5,4,蔡慈媛,4
1081,D5398,室設二１,週會/班會 (學年),(4B03),必,7,8,星期四,2,0,蕭家孟,4
1081,D5432,商設二１,民主憲政與法治,(4308),必,3,4,星期四,2,2,李宏仁,4
1081,D5431,商設二１,插畫基礎,(4403),選,5,6,星期四,2,2,詹玉艷,4
1081,D5438,商設二１,週會/班會 (學年),(4304),必,7,8,星期四,2,0,林承謙,4
1081,D5435,商設二１,程式設計與應用,(4503),必,1,2,星期四,2,2,朱中華,4
1081,D5479,流管二１,民主憲政與法治,(6704),必,5,6,星期四,2,2,張凱銘,4
1081,D5486,流管二１,週會/班會 (學年),(6704),必,7,8,星期四,2,0,楊志文,4
1081,D5482,流管二１,電子商務,(6901),必,2,4,星期四,3,3,陳榮昌,4
1081,D5537,資工二１,計算機組織,(2701),必,4,6,星期四,3,3,陳永隆,4
1081,D5543,資工二１,週會/班會 (學年),(6605),必,7,8,星期四,2,0,張珈瑛,4
1081,D5540,資工二１,數位邏輯設計,(2703),必,1,3,星期四,3,3,張雅芬,4
1081,D5594,資管二１,作業系統,(2402),選,2,4,星期四,3,3,陳凱宏,4
1081,D5605,資管二１,週會/班會 (學年),(6603),必,7,8,星期四,2,0,黃天麒,4
1081,D5656,應中二１,中國文學史 (學年),(3903),必,1,2,星期四,2,2,廖芮茵,4
1081,D5648,應中二１,華人社會與文化,(3903),選,3,4,星期四,2,2,衛琪,4
1081,D5658,應中二１,週會/班會 (學年),(3903),必,7,8,星期四,2,0,黃麗娟,4
1081,D5655,應中二１,歷代文選,(3903),必,5,6,星期三,3,3,吳惠珍,4
1081,D5696,日語二１,日文（三）,(3405),必,2,4,星期四,3,3,林雅芬,4
1081,D8313,日語二１,日文（三）,(3610),必,2,4,星期四,3,3,楊家源,4
1081,D8615,日語二１,商用日語會話（一）,(3610),必,5,6,星期四,2,2,橘孝司,4
1081,D5704,日語二１,週會/班會 (學年),(3610),必,7,8,星期四,2,0,林雅芬,4
1081,D5759,英語二１,初級西班牙語 (學年),(3504),選,1,2,星期四,2,2,昝懿珍,4
1081,D5756,英語二１,媒體英語聽力訓練,(3415),必,3,4,星期四,2,2,黃慧如,4
1081,D5769,英語二１,週會/班會 (學年),(3504),必,7,8,星期四,2,0,陳惠玲,4
1081,D5768,英語二１,語言學概論 (學年),(3504),必,5,6,星期四,2,2,姜葳,4
1081,D8411,通識二４,自我覺察與親密溝通 (生活應用領域),(8302),選,3,4,星期四,2,2,陳殷宜,4
1081,D8410,通識二４,民間傳說及在地文化 (人文領域),(3303),選,3,4,星期四,2,2,鄭美惠,4
1081,D8414,通識二４,樂理與數位鍵盤演奏入門 (藝術領域)(全外語教學),(3305),選,3,4,星期四,2,2,呂佳陵,4
1081,D8413,通識二４,易經心理學 (社會科學領域),(3302),選,3,4,星期四,2,2,林俊德,4
1081,D8412,通識二４,數位學習與大數據應用 (自然科學領域),(2302),選,3,4,星期四,2,2,侯幸雨,4
1081,D8227,體育二３,生涯運動 - 排球,(0000),必,1,2,星期四,2,0,張合富,4
1081,D8228,體育二３,生涯運動 - 桌球,(0000),必,1,2,星期四,2,0,劉金鎗,4
1081,D8229,體育二３,生涯運動 - 網球,(0000),必,1,2,星期四,2,0,劉記帆,4
1081,D8230,體育二３,生涯運動 - 健身運動,(0000),必,1,2,星期四,2,0,謝沛蓁,4
1081,D8231,體育二４,生涯運動 - 排球,(0000),必,3,4,星期四,2,0,張合富,4
1081,D8232,體育二４,生涯運動 - 桌球,(0000),必,3,4,星期四,2,0,劉金鎗,4
1081,D8233,體育二４,生涯運動 - 飛鏢,(0000),必,3,4,星期四,2,0,謝沛蓁,4
1081,D8160,語言二５,英語聽力與閱讀（一）,(3506),選,1,2,星期四,2,2,謝欽仰,4
1081,D8162,語言二７,英語聽力與閱讀（一）,(3706),選,5,6,星期四,2,2,柯品婕,4
1081,D8163,語言二８,英語聽力與閱讀（一）,(7304),選,7,8,星期四,2,2,陳永豪,4
1081,D8164,語言二９,英語聽力與閱讀（一）,(3706),選,7,8,星期四,2,2,謝欽仰,4
1081,D4420,老服一１,英文 (學年),(7301),必,2,4,星期四,3,3,王家音,4
1081,D4412,老服一１,管理學,(5110),必,5,6,星期四,2,2,林益永,4
1081,D4415,老服一１,老人生理解剖學,(R405),必,5,6,星期三,3,3,張文正,4
1081,D4417,老服一１,社會統計,(2301),必,7,8,星期四,2,2,陳文意,4
1081,D4458,美容一１,色彩計劃,(T411),必,7,8,星期四,2,2,王麗菱,4
1081,D4464,美容一１,英文 (學年),(3309),必,2,4,星期四,3,3,楊錦麗,4
1081,D4460,美容一１,解剖生理學,(R206),必,5,6,星期四,2,2,王祥齡,4
1081,D4507,護理一１,英文 (學年),(3702),必,2,4,星期四,3,3,黃芝華,4
1081,D4520,護理一２,英文 (學年),(5207),必,2,4,星期四,3,3,吳文祺,4
1081,D4517,護理一２,護理學導論,(T301),必,5,6,星期四,2,2,楊其璇張倖綺,4
1081,D4533,護理一３,英文 (學年),(3505),必,2,4,星期四,3,3,沈惠君,4
1081,D4624,休閒一１,休閒概論,(H515),必,5,7,星期四,3,3,陳元陽,4
1081,D4630,休閒一１,英文 (學年),(7802),必,2,4,星期四,3,3,謝玉華,4
1081,D4673,企管一１,英文 (學年),(7808),必,2,4,星期四,3,3,王瓊瑤,4
1081,D4667,企管一１,組織溝通與領導,(7808),選,5,7,星期四,3,3,張又心,4
1081,D4729,保金一１,英文 (學年),(7706),必,2,4,星期四,3,3,高潔如,4
1081,D4733,保金一１,會計學 (學年),(7706),必,5,7,星期四,3,3,郭玟秀,4
1081,D4746,保金一２,英文 (學年),(7701),必,2,4,星期四,3,3,徐韻梅,4
1081,D4744,保金一２,英語檢定（一） (學年),(7701),選,5,6,星期四,2,1,陳正鑫,4
1081,D4747,保金一２,風險管理與保險 (學年),(7701),必,7,8,星期四,2,2,陳明哲,4
1081,D4850,財稅一１,民法,(7506),必,3,4,星期一,3,3,謝蕙如,4
1081,D4855,財稅一１,英文 (學年),(7918),必,2,4,星期四,3,3,王妙妃,4
1081,D4864,財稅一２,民法,(7705),必,1,1,星期四,3,3,謝蕙如,4
1081,D4869,財稅一２,英文 (學年),(7705),必,2,4,星期四,3,3,劉珞安,4
1081,D4870,財稅一２,國文 (學年),(7705),必,7,8,星期四,2,2,蔡秀玲,4
1081,D4872,財稅一２,會計學（一） (學年),(7919),必,5,7,星期一,5,4,張允文,4
1081,D4956,財金一１,初級會計學 (學年),(H516),必,5,6,星期四,4,3,黃幼琳,4
1081,D4957,財金一１,英文 (學年),(3706),必,2,4,星期四,3,3,馬蕙萱,4
1081,D4972,財金一２,英文 (學年),(H517),必,2,4,星期四,3,3,李巧文,4
1081,D4969,財金一２,程式設計與應用,(H613),必,5,7,星期四,3,3,陳庭萱,4
1081,D5052,國貿一１,民法,(3713),必,5,7,星期四,3,3,姜祖華,4
1081,D5058,國貿一１,英文 (學年),(3701),必,2,4,星期四,3,3,李右芷,4
1081,D5072,國貿一２,英文 (學年),(3206),必,2,4,星期四,3,3,張惠評,4
1081,D5184,會資一１,初級會計,(7308),必,2,4,星期三,4,3,鄭如孜,4
1081,D5189,會資一１,英文 (學年),(3509),必,2,4,星期四,3,3,程春美,4
1081,D5191,會資一１,微積分 (學年),(7308),必,5,7,星期四,3,3,黃韞臻,4
1081,D5197,會資一２,初級會計,(7307),必,1,1,星期三,4,3,鄭如孜,4
1081,D5202,會資一２,英文 (學年),(7307),必,2,4,星期四,3,3,許惠芬,4
1081,D5297,應統一１,英文 (學年),(7508),必,2,4,星期四,3,3,趙雅莉,4
1081,D5294,應統一１,學涯規劃,(7508),必,8,8,星期四,1,1,呂岡玶,4
1081,D5293,應統一１,巨量資料概論,(7508),選,5,7,星期四,3,3,朱蘊鑛,4
1081,D5342,多媒一１,英文 (學年),(4307),必,2,4,星期四,3,3,林嬑,4
1081,D5343,多媒一１,國文 (學年),(3206),必,5,6,星期四,2,2,鄭美惠,4
1081,D5345,多媒一１,週會/班會 (學年),(4308),必,7,8,星期四,2,0,王雨涵,4
1081,D5384,室設一１,英文 (學年),(3201),必,2,4,星期四,3,3,林勤敏,4
1081,D5387,室設一１,週會/班會 (學年),(4B02),必,7,8,星期四,2,0,李琦華,4
1081,D5382,室設一１,人因與設計,(4313),必,5,6,星期四,2,2,李琦華,4
1081,D5424,商設一１,英文 (學年),(3710),必,2,4,星期四,3,3,柯品婕,4
1081,D5427,商設一１,週會/班會 (學年),(4405),必,7,8,星期四,2,0,侯純純,4
1081,D5469,流管一１,英文 (學年),(6703),必,2,4,星期四,3,3,林怡伶,4
1081,D5475,流管一１,週會/班會 (學年),(6703),必,7,8,星期四,2,0,劉彩霈,4
1081,D5515,資工一１,英文 (學年) (另併１班),(6604),必,2,4,星期四,3,3,劉文榮,4
1081,D5519,資工一１,週會/班會 (學年),(6604),必,7,8,星期四,2,0,陳弘明,4
1081,D5517,資工一１,微積分 (學年),(3309),必,1,6,星期四,3,3,黃政治,4
1081,D5530,資工一２,週會/班會 (學年),(5311),必,7,8,星期四,2,0,林昆立,4
1081,D5588,資管一１,英文 (學年),(6602),必,2,4,星期四,3,3,陳國豪,4
1081,D5589,資管一１,國文 (學年),(6602),必,5,6,星期四,2,2,李妮庭,4
1081,D5593,資管一１,週會/班會 (學年),(6602),必,7,8,星期四,2,0,王淑玲,4
1081,D5633,應中一１,民間文學,(3902),選,5,6,星期四,2,2,蔡秀玲,4
1081,D5642,應中一１,英文 (學年),(3902),必,2,4,星期四,3,3,陳正鑫,4
1081,D5645,應中一１,週會/班會 (學年),(3902),必,7,8,星期四,2,0,張致苾,4
1081,D5679,日語一１,日語聽講練習（一）,(3415),選,5,6,星期四,2,2,邱學瑾,4
1081,D5688,日語一１,英文 (學年),(3609),必,2,4,星期四,3,3,李一帆,4
1081,D5691,日語一１,週會/班會 (學年),(3609),必,7,8,星期四,2,0,邱學瑾,4
1081,D5747,英語一１,英文 (學年),(3503),必,2,4,星期四,3,3,陳惠玲,4
1081,D5742,英語一１,商業經濟學 (學年),(3503),選,5,6,星期四,2,2,朱啟元,4
1081,D5751,英語一１,週會/班會 (學年),(3503),必,7,8,星期四,2,0,李華德,4
1081,D8517,通識一４,視覺傳播 (藝術領域),(3905),選,1,2,星期四,2,2,何寶籃,4
1081,D8391,通識一４,跨領域專業倫理 (社會科學領域),(3302),選,1,2,星期四,2,2,蕭宏恩,4
1081,D8174,語言一１,越南語 (學年),(3709),選,5,6,星期四,2,2,阮氏蕾,4
1081,D8175,語言一１,越南語 (學年),(3710),選,7,8,星期四,2,2,阮氏蕾,4
1081,D8179,語言一１,泰國語 (學年),(3702),選,5,6,星期四,2,2,李國傑,4
1081,D10146,語言一１,印尼語 (學年),(3711),選,5,6,星期四,2,2,楊雅娜,4
1081,D4492,美容四１,校外實習（一）,(0000),選,1,9,星期五,9,9,李雅婷,4
1081,D8068,美容四１,校外實習（一）,(0000),選,5,6,星期三,9,9,黃啟方,4
1081,D8077,美容四１,校外實習（一）,(0000),選,1,9,星期五,9,9,王祥齡,4
1081,D8079,美容四１,校外實習（一）,(0000),選,1,9,星期五,9,9,蔡宜萱,4
1081,D8081,美容四１,校外實習（一）,(0000),選,1,1,星期一,9,9,許采茵,4
1081,D4828,保金四１,財產保險實務(全外語教學),(7707),必,2,4,星期五,3,3,陳冠志,4
1081,D4829,保金四１,專題製作（二）,(0000),必,5,6,星期五,2,2,陳明哲,4
1081,D8785,保金四１,專題製作（二）,(0000),必,7,8,星期五,2,2,林淑惠,4
1081,D11454,保金四１,專題製作（二）,(0000),必,7,8,星期五,2,2,謝淑慧,4
1081,D11455,保金四１,專題製作（二）,(0000),必,7,8,星期五,2,2,王財驛,4
1081,D11456,保金四１,專題製作（二）,(0000),必,7,8,星期五,2,2,卓翠月,4
1081,D11457,保金四１,專題製作（二）,(0000),必,7,8,星期五,2,2,廖采如,4
1081,D11458,保金四１,專題製作（二）,(0000),必,7,8,星期五,2,2,闕廷諭,4
1081,D11459,保金四１,專題製作（二）,(0000),必,7,8,星期五,2,2,吳明哲,4
1081,D11460,保金四１,專題製作（二）,(0000),必,7,8,星期五,2,2,劉俊廷,4
1081,D11461,保金四１,專題製作（二）,(0000),必,7,8,星期五,2,2,許峰睿,4
1081,D11462,保金四１,專題製作（二）,(0000),必,7,8,星期五,2,2,蘇真慧,4
1081,D11463,保金四１,專題製作（二）,(0000),必,7,8,星期五,2,2,劉議謙,4
1081,D4845,保金四２,專題製作（二）,(0000),必,5,6,星期五,2,2,簡淑華,4
1081,D8786,保金四２,專題製作（二）,(0000),必,7,8,星期五,2,2,邱泰穎,4
1081,D11464,保金四２,專題製作（二）,(0000),必,7,8,星期五,2,2,陳怡諠,4
1081,D11465,保金四２,專題製作（二）,(0000),必,7,8,星期五,2,2,張巧宜,4
1081,D11466,保金四２,專題製作（二）,(0000),必,7,8,星期五,2,2,郭玟秀,4
1081,D11467,保金四２,專題製作（二）,(0000),必,7,8,星期五,2,2,曾耀鋒,4
1081,D11468,保金四２,專題製作（二）,(0000),必,7,8,星期五,2,2,張瑞益,4
1081,D11469,保金四２,專題製作（二）,(0000),必,7,8,星期五,2,2,黃麗夙,4
1081,D11470,保金四２,專題製作（二）,(0000),必,7,8,星期五,2,2,陳冠志,4
1081,D10241,財稅四１,營利事業所得稅查核實務 (另併３班),(7919),選,4,6,星期五,3,3,吳宗翰,4
1081,D5460,商設四１,廣告設計企劃,(4406),選,5,6,星期五,2,2,邱順應,4
1081,D5462,商設四１,專題設計與實習 (學年),(4408),必,1,4,星期五,4,3,邱順應,4
1081,D8620,商設四１,專題設計與實習 (學年),(4408),必,1,4,星期五,4,3,詹玉艷,4
1081,D8621,商設四１,專題設計與實習 (學年),(4408),必,1,4,星期五,4,3,李貴連,4
1081,D8622,商設四１,專題設計與實習 (學年),(4408),必,1,4,星期五,4,3,邱義盛,4
1081,D9123,資工四１,實務專題（二）,(2703),必,5,6,星期五,2,2,黃慧鳳,4
1081,D9124,資工四１,實務專題（二）,(2703),必,7,8,星期五,2,2,盧永豐,4
1081,D9126,資工四１,實務專題（二）,(2702),必,5,6,星期五,2,2,陳同孝,4
1081,D9127,資工四１,實務專題（二）,(2702),必,7,8,星期五,2,2,陳永隆,4
1081,D9130,資工四１,實務專題（二）,(2704),必,6,7,星期五,2,2,張雅芬,4
1081,D9131,資工四１,實務專題（二）,(2704),必,6,7,星期五,2,2,劉冠顯,4
1081,D8121,美容三１,專題研究(一),(0000),必,8,9,星期五,2,2,王麗菱,4
1081,D4492,美容四１,校外實習（一）,(0000),選,1,9,星期五,9,9,李雅婷,4
1081,D8076,美容四１,校外實習（一）,(0000),選,1,9,星期六,9,9,王麗菱,4
1081,D8080,美容四１,校外實習（一）,(0000),選,1,9,星期六,9,9,林洹瑜,4
1081,D8817,美容四１,校外實習（一）,(0000),選,1,9,星期六,9,9,高而仕,4
1081,D4664,休閒四１,校外實習,(0000),必,1,9,星期六,1,9,鄭瑞昌,4
1081,D12235,休閒四１,校外實習,(0000),必,1,9,星期六,1,9,顏昌華,4
1081,D12236,休閒四１,校外實習,(0000),必,1,9,星期六,1,9,張李淑容,4
1081,D12237,休閒四１,校外實習,(0000),必,1,9,星期六,1,9,洪淑宜,4
1081,D12238,休閒四１,校外實習,(0000),必,1,9,星期六,1,9,陳元陽,4
1081,D12239,休閒四１,校外實習,(0000),必,1,9,星期六,1,9,李安珮,4
1081,D12240,休閒四１,校外實習,(0000),必,1,9,星期六,1,9,李姿瑤,4
1081,D12241,休閒四１,校外實習,(0000),必,1,9,星期六,1,9,鄧秀玉,4
1081,D12242,休閒四１,校外實習,(0000),必,1,9,星期六,1,9,黃健哲,4
1081,D4709,企管四１,校外實習,(0000),選,4,6,星期六,3,3,張淑婷,4
1081,D8117,企管四１,校外實習,(0000),選,4,6,星期六,3,3,張又心,4
1081,D4718,企管四１,專題製作（一）,(0000),必,2,3,星期六,2,2,張詠盛,4
1081,D8353,企管四１,專題製作（一）,(0000),必,2,3,星期六,2,2,趙正敏,4
1081,D12203,企管四１,專題製作（一）,(0000),必,2,3,星期六,2,2,李國瑋,4
1081,D12204,企管四１,專題製作（一）,(0000),必,2,3,星期六,2,2,李家瑩,4
1081,D12205,企管四１,專題製作（一）,(0000),必,2,3,星期六,2,2,賴明弘,4
1081,D12337,企管四１,專題製作（一）,(0000),必,2,3,星期六,2,2,陳柏儒,4
1081,D4827,保金四１,校外實習（一）,(0000),必,1,4,星期六,4,2,廖采如,4
1081,D8788,保金四１,校外實習（一）,(0000),必,5,8,星期六,4,2,簡淑華,4
1081,D11367,保金四１,校外實習（一）,(0000),必,1,4,星期六,4,2,林淑惠,4
1081,D11368,保金四１,校外實習（一）,(0000),必,1,4,星期六,4,2,吳明哲,4
1081,D11369,保金四１,校外實習（一）,(0000),必,1,4,星期六,4,2,張巧宜,4
1081,D11370,保金四１,校外實習（一）,(0000),必,1,4,星期六,4,2,郭玟秀,4
1081,D12399,保金四１,校外實習（一）,(0000),必,1,4,星期六,4,2,許峰睿,4
1081,D4843,保金四２,校外實習（一）,(0000),必,1,4,星期六,4,2,王財驛,4
1081,D8789,保金四２,校外實習（一）,(0000),必,5,8,星期六,4,2,闕廷諭,4
1081,D11363,保金四２,校外實習（一）,(0000),必,1,4,星期六,4,2,劉議謙,4
1081,D11364,保金四２,校外實習（一）,(0000),必,1,4,星期六,4,2,蘇真慧,4
1081,D11365,保金四２,校外實習（一）,(0000),必,1,4,星期六,4,2,張瑞益,4
1081,D11366,保金四２,校外實習（一）,(0000),必,1,4,星期六,4,2,黃麗夙,4
1081,D4931,財稅四１,財稅專題研討 (學年) (另併１班),(0000),必,1,2,星期六,2,1,許義忠,4
1081,D8793,財稅四１,財稅專題研討 (學年) (另併１班),(0000),必,1,2,星期六,2,1,林冰如,4
1081,D12306,財稅四１,財稅專題研討 (學年) (另併１班),(0000),必,1,2,星期六,2,1,林晏如,4
1081,D12307,財稅四１,財稅專題研討 (學年) (另併１班),(0000),必,1,2,星期六,2,1,張淑華,4
1081,D12308,財稅四１,財稅專題研討 (學年) (另併１班),(0000),必,1,2,星期六,2,1,黃淑惠,4
1081,D12309,財稅四１,財稅專題研討 (學年) (另併１班),(0000),必,1,2,星期六,2,1,張瀞云,4
1081,D7574,企管所研二,多變量分析,(7804),選,5,7,星期一,3,3,李家瑩,8
1081,D7575,企管所研二,品牌管理,(7804),選,2,4,星期一,3,3,吳志正,8
1081,D7681,會資所研二,內部稽核與控制研究,(7301),選,2,4,星期一,3,3,陳恊銓,8
1081,D7834,商設所研二,論文/專題創作 (學年),(0000),必,2,4,星期一,3,3,各指導教授,8
1081,D7930,資工所研二,高等作業系統 (另併１班),(2801),選,2,4,星期一,3,3,盧永豐,8
1081,D7983,資管所研二,電子商務 (另併１班),(2405),選,5,7,星期一,3,3,連俊瑋黃秀美,8
1081,D8030,保金所研二,國際保險市場研究,(7604),選,5,7,星期一,3,3,曾耀鋒,8
1081,D7565,企管所研一,行銷理論與策略,(7805),選,2,4,星期一,3,3,何淑熏,8
1081,D7596,稅管所研一,研究方法,(7704),選,2,4,星期一,3,3,許義忠張允文顏志達林晏如,8
1081,D7598,稅管所研一,租稅救濟與訴訟案例研討 (另併１班),(7704),選,7,9,星期一,3,3,陳貴端,8
1081,D10160,稅管所研一,財務風險管理 (另併１班),(7704),選,1,6,星期一,3,3,黃劭彥,8
1081,D7642,財金所研一,合併與收購,(H703),選,2,4,星期一,3,3,林幸宜,8
1081,D8318,財金所研一,產業經濟分析,(H703),選,5,7,星期一,3,3,李靜芠,8
1081,D7678,會資所研一,財務會計理論,(7302),必,5,7,星期一,3,3,蘇淑慧,8
1081,D7676,會資所研一,會計資訊系統專題研討,(7302),選,2,4,星期一,3,3,盧正宗,8
1081,D8529,多媒所研一,進階網頁應用程式開發 (另併１班),(4212),選,2,4,星期一,3,3,黃國峰,8
1081,D7726,多媒所研一,感性設計研究 (另併１班),(4510),選,5,7,星期一,3,3,蔡子瑋,8
1081,D7781,室設所研一,永續環境設計專論,(4318),選,3,4,星期一,2,2,李孟杰,8
1081,D7812,商設所研一,設計實務研究,(4407),必,2,4,星期一,3,3,趙樹人,8
1081,D7811,商設所研一,繪本研究 (另併１班),(4407),選,7,8,星期一,2,2,詹玉艷,8
1081,D7852,流管所研一,流通特論,(6902),必,2,4,星期一,3,3,劉彩霈,8
1081,D7851,流管所研一,營運計劃與管理,(6705),選,5,7,星期一,3,3,陳志騰,8
1081,D7972,資管所研一,研究方法,(2405),必,2,4,星期一,3,3,黃秀美,8
1081,D8018,保金所研一,人身保險實務專題,(7603),選,6,8,星期一,3,3,黃麗夙熊令瑜,8
1081,D7586,企管所研二,產業經濟與政策,(7804),必,2,4,星期二,3,3,許義忠,8
1081,D7686,會資所研二,國際租稅,(7302),選,2,4,星期二,3,3,陳靜宜,8
1081,D7936,資工所研二,高等演算法 (另併１班),(2803),選,5,7,星期二,3,3,黃慧鳳,8
1081,D7978,資管所研二,創新與科技專案管理 (另併１班),(2405),選,5,7,星期二,3,3,連俊瑋,8
1081,D8012,日商所研二,日語專題研究,(3403),必,7,8,星期二,2,2,黃英哲,8
1081,D8006,日商所研二,台日情勢分析講座,(3404),選,5,6,星期二,2,2,葉秋蘭,8
1081,D8028,保金所研二,進階商用英語會話,(7708),選,7,9,星期二,3,3,江彼德,8
1081,D8029,保金所研二,再保險研究,(7604),選,4,6,星期二,3,3,張瑞益楊誠對,8
1081,D7570,企管所研一,全球競爭策略,(7805),必,5,7,星期二,3,3,周素娥,8
1081,D7566,企管所研一,科技管理與政策,(7805),選,2,4,星期二,3,3,賴明弘,8
1081,D12226,稅管所研一,退休規劃與租稅管理,(7704),選,2,4,星期二,3,3,沈政安,8
1081,D7734,多媒所研一,研究方法,(4307),必,5,7,星期二,3,3,王雨涵,8
1081,D8549,室設所研一,空間社會與歷史研究,(4318),選,3,4,星期二,2,2,李琦華,8
1081,D7778,室設所研一,建築再利用專論,(4318),選,5,6,星期二,2,2,方鳳玉,8
1081,D8560,室設所研一,專題研討,(4318),選,1,2,星期二,2,1,陳國華,8
1081,D7838,流管所研一,存貨管理 (另併１班),(6902),選,2,4,星期二,3,3,張宏吉,8
1081,D7839,流管所研一,行銷研究 (另併１班),(6705),選,2,4,星期二,3,3,林心慧,8
1081,D7998,日商所研一,國際企業管理研究,(3403),選,3,4,星期二,2,2,葉東哲,8
1081,D7999,日商所研一,國際經濟研究,(3403),選,5,6,星期二,2,2,張銘今,8
1081,D8023,保金所研一,研究方法,(7603),必,7,9,星期二,3,3,林淑惠邱泰穎,8
1081,D8019,保金所研一,財產及責任保險實務專題,(7603),選,2,4,星期二,3,3,劉俊廷鍾玉輝張瑞益,8
1081,D7588,企管所研二,週會/班會 (學年),(7804),必,7,8,星期三,2,0,王親仁,8
1081,D7638,稅管所研二,租稅與理財專題研討（3）,(7903),必,5,6,星期三,2,1,張允文,8
1081,D7640,稅管所研二,週會/班會 (學年),(7704),必,7,8,星期三,2,0,許義忠,8
1081,D7669,財金所研二,週會/班會 (學年),(H704),必,7,8,星期三,2,0,顏昌華,8
1081,D7694,會資所研二,週會/班會 (學年),(7302),必,7,8,星期三,2,0,盧正宗,8
1081,D7928,資工所研二,書報討論三,(2801),選,7,8,星期三,2,1,陳民枝,8
1081,D9151,資工所研二,書報討論三,(2801),選,7,8,星期三,2,1,林春宏,8
1081,D9152,資工所研二,書報討論三,(2801),選,7,8,星期三,2,1,黃慧鳳,8
1081,D9153,資工所研二,書報討論三,(2801),選,7,8,星期三,2,1,陳世穎,8
1081,D9154,資工所研二,書報討論三,(2801),選,7,8,星期三,2,1,陳弘明,8
1081,D9155,資工所研二,書報討論三,(2801),選,7,8,星期三,2,1,陳永隆,8
1081,D9156,資工所研二,書報討論三,(2801),選,7,8,星期三,2,1,張雅芬,8
1081,D9157,資工所研二,書報討論三,(2801),選,7,8,星期三,2,1,盧永豐,8
1081,D9158,資工所研二,書報討論三,(2801),選,7,8,星期三,2,1,劉冠顯,8
1081,D9159,資工所研二,書報討論三,(2801),選,7,8,星期三,2,1,洪啟舜,8
1081,D9160,資工所研二,書報討論三,(2801),選,7,8,星期三,2,1,張家瑋,8
1081,D8804,資管所研二,智慧型資訊系統 (另併１班),(2405),選,5,7,星期三,3,3,姜琇森,8
1081,D8035,保金所研二,週會/班會 (學年),(7604),必,7,8,星期三,2,0,曾耀鋒,8
1081,D8050,護理所研二,週會/班會 (學年),(R309),必,7,8,星期三,2,0,陳筱瑀,8
1081,D7568,企管所研一,財務管理與策略,(7805),選,2,4,星期三,3,3,郭元慶,8
1081,D7572,企管所研一,週會/班會 (學年),(7805),必,7,8,星期三,2,0,賴明弘,8
1081,D7612,稅管所研一,租稅與理財專題研討（1）,(7704),必,5,6,星期三,2,1,沈維民,8
1081,D7615,稅管所研一,週會/班會 (學年),(7901),必,7,8,星期三,2,0,許義忠,8
1081,D7613,稅管所研一,會計理論研究,(7704),必,2,4,星期三,3,3,溫宜潔,8
1081,D7653,財金所研一,財務分析與企業評價,(H703),必,2,4,星期三,3,3,邱臙珍,8
1081,D7656,財金所研一,週會/班會 (學年),(H703),必,7,8,星期三,2,0,賴煒曾,8
1081,D7672,會資所研一,計量經濟學,(7302),選,2,4,星期三,3,3,林裕章,8
1081,D7680,會資所研一,週會/班會 (學年),(7302),必,7,8,星期三,2,0,林裕章,8
1081,D7696,多媒所研一,人機介面與互動設計 (另併１班),(4306),選,2,4,星期三,3,3,游曉貞,8
1081,D7779,室設所研一,通用設計專論,(4318),選,3,4,星期三,2,2,王伶芳,8
1081,D8826,商設所研一,設計史專論 (另併１班),(4407),選,5,6,星期三,2,2,鄭夙恩,8
1081,D7804,商設所研一,造型思考研究 (另併１班),(4407),選,3,4,星期三,2,2,林佩如,8
1081,D7837,流管所研一,多變量分析 (另併１班),(6902),選,2,4,星期三,3,3,楊志文,8
1081,D7913,資工所研一,書報討論一,(2801),必,5,6,星期三,2,1,陳民枝,8
1081,D9141,資工所研一,書報討論一,(2801),必,5,6,星期三,2,1,林春宏,8
1081,D9142,資工所研一,書報討論一,(2801),必,5,6,星期三,2,1,黃慧鳳,8
1081,D9143,資工所研一,書報討論一,(2801),必,5,6,星期三,2,1,陳世穎,8
1081,D9144,資工所研一,書報討論一,(2801),必,5,6,星期三,2,1,陳弘明,8
1081,D9145,資工所研一,書報討論一,(2801),必,5,6,星期三,2,1,陳永隆,8
1081,D9146,資工所研一,書報討論一,(2801),必,5,6,星期三,2,1,張雅芬,8
1081,D7777,多媒所研二,週會/班會 (學年),(4510),必,7,8,星期四,2,0,吳彥良,8
1081,D7792,室設所研二,週會/班會 (學年),(4318),必,7,8,星期四,2,0,藍儒鴻,8
1081,D7835,商設所研二,週會/班會 (學年),(4408),必,7,8,星期四,2,0,洪祺森,8
1081,D7871,流管所研二,專題研討（三）,(6705),必,5,6,星期四,2,1,張宏吉蕭衛鴻,8
1081,D7873,流管所研二,週會/班會 (學年),(6705),必,7,8,星期四,2,0,林心慧,8
1081,D7957,資工所研二,週會/班會 (學年),(2507),必,7,8,星期四,2,0,陳世穎,8
1081,D8635,資工所研二,進階影像處理 (另併１班),(2705),選,2,4,星期四,3,3,林春宏詹永寬陳俊杰林國祥,8
1081,D7989,資管所研二,產業論壇,(1403),必,5,6,星期四,2,1,蕭國倫王淑玲,8
1081,D7992,資管所研二,週會/班會 (學年),(2405),必,7,8,星期四,2,0,黃秀美,8
1081,D8014,日商所研二,週會/班會 (學年),(3602),必,7,8,星期四,2,0,黎立仁,8
1081,D8033,保金所研二,金融財富管理專題,(7604),必,4,6,星期四,3,3,闕廷諭陳冠志,8
1081,D8045,護理所研二,質性研究,(R309),選,6,7,星期四,2,2,陳筱瑀,8
1081,D7571,企管所研一,研究方法,(7805),必,2,4,星期四,3,3,王親仁,8
1081,D7591,稅管所研一,企業租稅策略研討 (另併１班),(7704),選,2,4,星期四,3,3,朱瓊芳朱從龍,8
1081,D7654,財金所研一,財務專題研討（一）,(H703),必,5,7,星期四,3,3,陳信憲,8
1081,D7655,財金所研一,高等財務管理,(H703),必,2,4,星期四,3,3,黃心怡,8
1081,D7677,會資所研一,研究方法,(7302),必,5,7,星期四,3,3,溫宜潔劉政淮,8
1081,D7707,多媒所研一,服務設計 (另併１班),(4510),選,2,4,星期四,3,3,游曉貞,8
1081,D7735,多媒所研一,專題研討（一）,(4418),必,5,6,星期四,2,2,黃國峰,8
1081,D7736,多媒所研一,週會/班會 (學年),(4212),必,7,8,星期四,2,0,游曉貞,8
1081,D7783,室設所研一,研究方法與論文寫作,(4318),必,5,6,星期四,2,2,林盛宏,8
1081,D7784,室設所研一,週會/班會 (學年),(4311),必,7,8,星期四,2,0,方鳳玉,8
1081,D7782,室設所研一,室內設計專題,(4318),選,2,4,星期四,3,3,陳佩瑜,8
1081,D7795,商設所研一,色彩理論與應用 (另併１班),(4407),選,5,6,星期四,2,2,李貴連,8
1081,D7814,商設所研一,週會/班會 (學年),(4407),必,7,8,星期四,2,0,洪祺森,8
1081,D7809,商設所研一,廣告策略專題 (另併１班),(4407),選,3,4,星期四,2,2,邱順應,8
1081,D7853,流管所研一,專題研討（一）,(6702),必,5,6,星期四,2,1,楊淑玲,8
1081,D7854,流管所研一,週會/班會 (學年),(6805),必,7,8,星期四,2,0,張宏吉,8
1081,D7850,流管所研一,數學規劃 (另併１班),(6705),選,2,4,星期四,3,3,陳彥匡,8
1081,D7916,資工所研一,週會/班會 (學年),(2706),必,7,8,星期四,2,0,盧永豐,8
1081,D7973,資管所研一,書報討論（一）,(1403),必,5,6,星期四,2,1,姜琇森,8
1081,D7974,資管所研一,週會/班會 (學年),(2803),必,7,8,星期四,2,0,陳牧言,8
1081,D8001,日商所研一,日本總體經濟概況,(3403),必,5,6,星期四,2,2,李嗣堯,8
1081,D7996,日商所研一,日式管理研究,(3403),選,3,4,星期四,2,2,黎立仁,8
1081,D8000,日商所研一,專題研究（一）,(3403),選,1,2,星期四,2,2,吳銀澤,8
1081,D8003,日商所研一,週會/班會 (學年),(3403),必,7,8,星期四,2,0,李嗣堯,8
1081,D8024,保金所研一,財務管理專題,(7604),必,7,9,星期四,3,3,張巧宜陳怡諠,8
1081,D8039,護理所研一,護理理論,(R411),必,3,4,星期四,2,2,陳筱瑀,8
1081,D8040,護理所研一,進階生物統計學,(R411),必,5,6,星期四,2,2,楊佑傑,8
1081,D8036,護理所研一,進階病理生理學,(R411),選,1,2,星期四,2,2,王約翰,8
