semi,clsno,clsfor,clsName,clsRoom,clsOpt,start,end,week,hour,crid,stuCount,teacher
1091,D1680,企管五甲,財務規劃與預測,２,必,2,4,星期一,3,3,47,王朝仕
1091,D1689,企管五乙,企業管理綜合個案研究 (學年),５,必,5,7,星期一,3,3,44,賴明弘
1091,D1686,企管五乙,物流管理,２,必,2,4,星期一,3,3,42,陳薇如
1091,D1760,國貿五甲,商用英文習作 (學年),３,必,3,4,星期一,2,1,46,林慧洙
1091,D1758,國貿五甲,國際行銷概論,６,必,6,8,星期一,3,3,45,黃彥智
1091,D1880,會資五甲,稅務法規與申報實務 (學年),２,必,2,4,星期一,3,3,38,蔡京姐
1091,D1881,會資五甲,審計學 (學年),７,必,7,8,星期一,4,4,35,溫宜潔
1091,D1896,會資五乙,審計學 (學年),１,必,1,2,星期一,4,4,40,盧丕喬
1091,D2087,日語五甲,日文商用文書寫作 (學年),５,必,5,6,星期一,2,2,22,平澤佳代
1091,D2076,日語五甲,日本企業組織與管理,７,必,7,8,星期一,2,2,43,張銘今
1091,D5880,保金五甲,年金與退休金規劃,５,必,5,7,星期一,3,3,37,陳冠志
1091,D2339,保金五甲,社會保險,２,必,2,4,星期一,3,3,36,謝淑慧
1091,D2361,保金五乙,理財規劃,２,必,2,4,星期一,3,3,39,翁碧蓮
1091,D2362,保金五乙,意外保險,５,必,5,7,星期一,3,3,38,張瑞益
1091,D1543,護理四甲,社區衛生護理學,５,必,5,7,星期一,3,3,48,王淑諒
1091,D1563,護理四乙,精神科護理學,５,必,5,7,星期一,3,3,53,柯貞如
1091,D1660,企管四甲,貨幣銀行學 (學年),５,選,5,6,星期一,2,2,34,張瓊燕
1091,D1664,企管四甲,管理數學 (學年),７,必,7,8,星期一,2,2,43,陳柏儒
1091,D1674,企管四乙,統計學 (學年),２,必,2,4,星期一,3,3,39,簡郁紘
1091,D1672,企管四乙,貨幣銀行學 (學年),７,選,7,8,星期一,2,2,20,張瓊燕
1091,D1676,企管四乙,管理數學 (學年),５,必,5,6,星期一,2,2,40,陳柏儒
1091,D1738,國貿四甲,大學英文選 (學年),３,選,3,4,星期一,2,2,47,馬蕙萱
1091,D1737,國貿四甲,貨幣銀行學,５,必,5,7,星期一,3,3,57,鄭美幸
1091,D1852,會資四甲,成本與管理會計學 (學年),２,必,2,4,星期一,5,4,41,郭佳如
1091,D1854,會資四甲,會計資訊系統 (學年),５,必,5,7,星期一,3,2,46,盧正宗
1091,D1863,會資四乙,企業管理 (學年),２,必,2,4,星期一,3,3,37,林秀霞
1091,D1866,會資四乙,會計資訊系統 (學年),５,必,5,7,星期一,3,2,39,陳美嬪
1091,D1942,品設科菁英班四甲,感質設計,２,必,2,4,星期一,3,3,37,張國威
1091,D2003,資管四甲,雲端技術與應用,５,必,5,7,星期一,3,3,39,邱啟員
1091,D2008,資管四甲,管理數學 (學年),３,必,3,4,星期一,2,2,48,黃慧鳳
1091,D2065,日語四甲,日文閱讀指導 (學年),５,必,5,7,星期一,3,3,53,楊家源
1091,D2141,英語四甲,商用英語會話,１,必,1,2,星期一,2,2,28,盛凱翺
1091,D5838,英語四甲,商用英語會話,１,必,1,2,星期一,2,2,25,馬丁
1091,D2140,英語四甲,溝通心理學,３,選,3,4,星期一,2,2,44,劉朝清
1091,D2307,保金四甲,保險業經營管理 (另併１班),５,選,5,7,星期一,3,3,62,潘以諾
1091,D2312,保金四甲,財務報表分析,２,必,2,4,星期一,3,3,38,張巧宜
1091,D5879,保金四乙,財務管理,２,必,2,4,星期一,3,3,42,陳怡諠
1091,D1503,護理三甲,身體評估,５,必,5,6,星期一,2,2,52,劉倖吟
1091,D1504,護理三甲,身體評估實驗,７,必,7,7,星期一,2,1,52,劉倖吟
1091,D1508,護理三甲,藥理學（二）,３,必,3,4,星期一,2,2,57,楊宜真
1091,D1511,護理三甲,體育 (學年),１,必,1,2,星期一,2,0,52,吳庭茂
1091,D1526,護理三乙,英文 (學年),５,必,5,7,星期一,3,3,51,廖姿斐
1091,D1525,護理三乙,藥理學（二）,１,必,1,2,星期一,2,2,51,楊宜真
1091,D1528,護理三乙,體育 (學年),３,必,3,4,星期一,2,0,51,吳庭茂
1091,D1632,企管三甲,行銷管理 (學年),３,必,3,4,星期一,2,2,44,林孟眉
1091,D1636,企管三甲,微積分 (學年),５,必,5,6,星期一,2,2,53,簡郁紘
1091,D1629,企管三甲,資料庫處理 (學年),１,選,1,2,星期一,2,2,54,李志強
1091,D1645,企管三乙,生產與作業管理 (學年),７,必,7,8,星期一,2,2,48,陳薇如
1091,D1640,企管三乙,企業資源規劃（一）,３,選,3,4,星期一,2,2,46,徐牧群
1091,D1646,企管三乙,行銷管理 (學年),５,必,5,6,星期一,2,2,48,林孟眉
1091,D1719,國貿三甲,商事法,３,必,3,5,星期一,3,3,51,陳永文
1091,D1724,國貿三甲,國際貿易原理與政策 (學年),６,必,6,8,星期一,3,3,51,黃俊儒
1091,D1728,國貿三甲,體育 (學年),１,必,1,2,星期一,2,0,52,黃僅喻
1091,D1825,會資三甲,英文 (學年),５,必,5,7,星期一,3,3,46,王家音
1091,D1827,會資三甲,統計學 (學年),２,必,2,4,星期一,4,3,46,王琮胤
1091,D1833,會資三乙,商業套裝軟體,２,必,2,4,星期一,3,3,45,朱中華
1091,D1838,會資三乙,國文 (學年),５,必,5,7,星期一,3,3,45,蔡政惠
1091,D1840,會資三乙,微積分 (學年),１,必,1,1,星期一,4,3,45,黃韞臻
1091,D1931,品設科菁英班三甲,英文 (學年),３,必,3,5,星期一,3,3,44,林怡伶
1091,D1923,品設科菁英班三甲,陶瓷商品設計,６,選,6,8,星期一,3,3,33,徐子雲
1091,D1933,品設科菁英班三甲,體育 (學年),１,必,1,2,星期一,2,0,45,楊沛峰
1091,D1989,資管三甲,統計學 (學年),５,必,5,7,星期一,3,3,39,張嘉容
1091,D1992,資管三甲,資料結構 (學年),１,必,1,2,星期一,2,2,40,蕭沐棟
1091,D1993,資管三甲,資訊網路 (學年),３,必,3,4,星期一,2,2,37,許耀東
1091,D2052,日語三甲,日文習作（一） (學年),５,必,5,6,星期一,2,2,27,中村千佳子
1091,D5209,日語三甲,日文習作（一） (學年),５,必,5,6,星期一,2,2,27,葉東哲
1091,D2057,日語三甲,英語聽講練習（二） (學年),１,必,1,2,星期一,2,1,56,湯馬丁
1091,D2049,日語三甲,日語文能力檢定對策（一）,７,選,7,8,星期一,2,2,38,林敏容
1091,D5211,日語三甲,日語（三） (學年),３,必,3,4,星期一,5,5,26,張宜樺
1091,D2128,英語三甲,中級日語 (學年),２,必,2,4,星期一,3,3,56,林敏容
1091,D2124,英語三甲,日語聽力與會話（一） (學年),７,選,7,8,星期一,2,2,23,葉秋蘭
1091,D2132,英語三甲,英語會話（二） (學年),５,必,5,6,星期一,2,2,29,李華德
1091,D5824,英語三甲,英語會話（二） (學年),５,必,5,6,星期一,2,2,25,莫利斯
1091,D2206,資應菁英班三甲,國文 (學年),２,必,2,4,星期一,3,3,40,林燕玲
1091,D2208,資應菁英班三甲,微積分 (學年),５,必,5,7,星期一,3,3,47,林韋宏
1091,D2288,保金三甲,金融法規,７,必,7,8,星期一,3,3,40,黃麗夙
1091,D2289,保金三甲,保險學 (學年),２,必,2,4,星期一,3,3,40,蘇真慧
1091,D2293,保金三甲,微積分 (學年),５,必,5,6,星期一,2,2,40,劉議謙
1091,D2302,保金三乙,國文 (學年),５,必,5,7,星期一,3,3,42,許明珠
1091,D2304,保金三乙,微積分 (學年),３,必,3,4,星期一,2,2,40,劉議謙
1091,D2430,資工三甲,英文 (學年),５,必,5,7,星期一,3,3,45,魏毓瑛
1091,D2431,資工三甲,國文 (學年),２,必,2,4,星期一,3,3,45,許明珠
1091,D1474,護理二甲,藝術生活,１,必,1,2,星期一,2,2,53,黎翠玉
1091,D1477,護理二甲,體育 (學年),５,必,5,6,星期一,2,1,56,吳秋燕
1091,D1479,護理二甲,英語文 (學年),３,必,3,4,星期一,3,3,56,程春美
1091,D1489,護理二乙,藝術生活,３,必,3,4,星期一,2,2,51,黎翠玉
1091,D1492,護理二乙,體育 (學年),７,必,7,8,星期一,2,1,51,吳秋燕
1091,D1494,護理二乙,英語文 (學年),５,必,5,6,星期一,3,3,52,程春美
1091,D1602,企管二甲,民法,５,必,5,7,星期一,3,3,45,賴世琳
1091,D1608,企管二甲,數學 (學年),２,必,2,4,星期一,3,3,45,應灝
1091,D1621,企管二乙,數學 (學年),５,必,5,7,星期一,3,3,46,王仁聖
1091,D1623,企管二乙,國語文 (學年),２,必,2,4,星期一,3,3,43,張致苾
1091,D1710,國貿二甲,經濟學 (學年),５,必,5,7,星期一,3,3,57,林家慶
1091,D1715,國貿二甲,英語文 (學年),１,必,1,3,星期一,3,3,51,曾心嫻
1091,D1800,會資二甲,民法 (學年),３,必,3,4,星期一,2,2,43,姜祖華
1091,D1804,會資二甲,國語文 (學年),５,必,5,7,星期一,3,3,43,林燕玲
1091,D1812,會資二乙,中級會計學（一） (學年),２,必,2,4,星期一,5,4,42,蘇淑慧
1091,D1809,會資二乙,化學,７,必,7,7,星期一,1,1,43,盧長興
1091,D1813,會資二乙,民法 (學年),５,必,5,6,星期一,2,2,42,謝蕙如
1091,D1916,品設科菁英班二甲,模型製作,５,必,5,7,星期一,3,3,54,魏明仕
1091,D1921,品設科菁英班二甲,英語文 (學年),２,必,2,4,星期一,3,3,48,劉文榮
1091,D1973,資管二甲,多媒體系統,２,必,2,4,星期一,3,3,44,趙彩妙
1091,D1977,資管二甲,數學 (學年),５,必,5,7,星期一,3,3,45,陳吉祥
1091,D5207,日語二甲,日語（二） (學年),３,必,3,4,星期一,5,5,26,謝敏華
1091,D2041,日語二甲,日語會話（一） (學年),３,必,3,4,星期一,2,2,30,中村千佳子
1091,D2045,日語二甲,國語文 (學年),５,必,5,7,星期一,3,3,51,廖藤葉
1091,D2112,英語二甲,民法 (學年),５,選,5,6,星期一,2,2,55,陳盈如
1091,D2113,英語二甲,英文專書選讀 (學年),７,選,7,8,星期一,2,2,54,張碧蓉
1091,D2121,英語二甲,英語文 (學年),２,必,2,4,星期一,3,3,56,李如芬
1091,D2194,資應菁英班二甲,程式設計（二） (學年),５,必,5,7,星期一,3,2,47,陳大仁
1091,D2196,資應菁英班二甲,體育 (學年),３,必,3,4,星期一,2,1,43,楊子孟
1091,D2264,保金二甲,企業組織與管理 (另併１班),５,選,5,7,星期一,3,3,53,蔡佩珊
1091,D2274,保金二乙,人際關係與溝通技巧 (另併１班),３,選,3,4,星期一,2,2,67,黃建儒
1091,D2280,保金二乙,數學 (學年),１,必,1,2,星期一,3,3,46,劉議謙
1091,D2403,資工二甲,程式設計 (學年),２,必,2,4,星期一,3,3,49,陳同孝張培新
1091,D2409,資工二甲,英語文 (學年),５,必,5,7,星期一,3,3,50,吳文祺
1091,D2420,資工二乙,電子學 (學年),５,必,5,7,星期一,3,3,48,陳逸倫
1091,D2423,資工二乙,英語文 (學年),２,必,2,4,星期一,3,3,48,廖姿斐
1091,D1439,護理一甲,化學,３,必,3,4,星期一,2,2,54,盧長興
1091,D1446,護理一甲,全民國防教育 (學年),５,必,5,5,星期一,1,1,52,詹杏雯
1091,D1450,護理一甲,英語文 (學年),６,必,6,8,星期一,3,3,52,李宜容
1091,D1452,護理一乙,公民與社會,３,必,3,4,星期一,2,2,52,施幸利
1091,D1460,護理一乙,全民國防教育 (學年),６,必,6,6,星期一,1,1,52,詹杏雯
1091,D1459,護理一乙,護理學導論,７,必,7,8,星期一,2,2,53,王萱萁
1091,D1571,企管一甲,計算機概論,３,必,3,4,星期一,2,2,56,何順源
1091,D1573,企管一甲,商業套裝軟體,５,必,5,7,星期一,3,3,48,徐牧群
1091,D1581,企管一甲,體育 (學年),１,必,1,2,星期一,2,1,47,莊清泉
1091,D1591,企管一乙,全民國防教育 (學年),５,必,5,5,星期一,1,1,47,謝慧娟
1091,D1587,企管一乙,音樂,１,必,1,2,星期一,2,2,54,楊喻涵
1091,D1592,企管一乙,健康與護理 (學年),６,必,6,6,星期一,1,1,50,林錦良
1091,D1594,企管一乙,數學 (學年),７,必,7,7,星期一,3,3,51,侯幸雨
1091,D1589,企管一乙,資訊科技,３,必,3,4,星期一,2,2,47,賴錦緣
1091,D1700,國貿一甲,數學 (學年),５,必,5,6,星期一,2,2,52,吳佩蓉
1091,D1702,國貿一甲,體育 (學年),１,必,1,2,星期一,2,1,51,劉記帆
1091,D1765,會資一甲,音樂,５,必,5,6,星期一,2,2,43,呂佳陵
1091,D1772,會資一甲,數學 (學年),３,必,3,4,星期一,4,4,43,程雅琳
1091,D1774,會資一甲,體育 (學年),１,必,1,2,星期一,2,1,44,楊子孟
1091,D1766,會資一甲,資訊科技,７,必,7,8,星期一,2,2,44,賴錦緣
1091,D1783,會資一乙,全民國防教育 (學年),１,必,1,1,星期一,1,1,42,單環琪
1091,D1784,會資一乙,初級會計學 (學年),３,必,3,4,星期一,5,4,43,陳妍如
1091,D1786,會資一乙,健康與護理 (學年),２,必,2,2,星期一,1,1,42,林錦良
1091,D1788,會資一乙,歷史 (學年),７,必,7,8,星期一,2,2,42,張孟秋
1091,D1781,會資一乙,資訊科技,５,必,5,6,星期一,2,2,42,林凱胤
1091,D1905,品設科菁英班一甲,健康與護理 (學年),７,必,7,7,星期一,1,1,47,林錦良
1091,D1903,品設科菁英班一甲,資訊科技,５,必,5,6,星期一,2,2,47,賴錦緣
1091,D1962,資管一甲,會計學 (學年),３,必,3,5,星期一,3,3,51,張素惠
1091,D1954,資管一甲,電腦繪圖軟體,６,選,6,8,星期一,3,3,49,戴偉勝
1091,D1964,資管一甲,歷史 (學年),１,必,1,2,星期一,2,2,46,張文昌
1091,D2020,日語一甲,公民與社會,３,必,3,4,星期一,2,2,53,周芳怡
1091,D2022,日語一甲,日語聽講練習（一） (學年),５,必,5,6,星期一,2,2,59,林恆立
1091,D2027,日語一甲,體育 (學年),１,必,1,2,星期一,2,1,52,張素珠
1091,D2029,日語一甲,日語文演練 (學年),７,必,7,8,星期一,2,2,30,謝敏華
1091,D2096,英語一甲,公民與社會 (學年),７,必,7,8,星期一,2,2,57,周芳怡
1091,D2098,英語一甲,全民國防教育 (學年),２,必,2,2,星期一,1,1,53,單環琪
1091,D2101,英語一甲,健康與護理 (學年),１,必,1,1,星期一,1,1,54,林錦良
1091,D2094,英語一甲,藝術生活,３,必,3,4,星期一,2,2,53,何昕家
1091,D2181,資應菁英班一甲,會計學 (學年),１,必,1,3,星期一,3,3,45,黃彥樺
1091,D2185,資應菁英班一甲,國語文 (學年),５,必,5,5,星期一,3,3,44,李妮庭
1091,D2186,資應菁英班一甲,英語文 (學年),６,必,6,8,星期一,3,3,44,李佳欣
1091,D2237,保金一甲,音樂,３,必,3,4,星期一,2,2,48,呂佳陵
1091,D2245,保金一甲,體育 (學年),１,必,1,2,星期一,2,1,47,馬義傑
1091,D2246,保金一甲,國語文 (學年),６,必,6,7,星期一,4,4,48,胡淑貞
1091,D2247,保金一甲,英語文 (學年),５,必,5,5,星期一,3,3,48,楊錦麗
1091,D2253,保金一乙,全民國防教育 (學年),６,必,6,6,星期一,1,1,46,謝慧娟
1091,D2255,保金一乙,健康與護理 (學年),５,必,5,5,星期一,1,1,46,林錦良
1091,D2252,保金一乙,資訊科技,３,必,3,4,星期一,2,2,47,林凱胤
1091,D2260,保金一乙,國語文 (學年),１,必,1,2,星期一,4,4,47,馬嘉賢
1091,D2374,資工一甲,數學 (學年),３,必,3,4,星期一,4,4,50,黃馨逸
1091,D2375,資工一甲,歷史 (學年),１,必,1,2,星期一,2,2,50,郭鎧銘
1091,D2369,資工一甲,藝術生活,５,必,5,6,星期一,2,2,51,蘇卉旻
1091,D2377,資工一甲,基本電學 (學年),７,必,7,9,星期一,3,3,51,張文澤
1091,D2390,資工一乙,歷史 (學年),５,必,5,6,星期一,2,2,50,張文昌
1091,D2392,資工一乙,基本電學 (學年),７,必,7,9,星期一,3,3,50,陳柏淩
1091,D2382,資工一乙,科技英文資訊應用,２,選,2,4,星期一,3,3,50,張翠蘋
1091,D2496,美容四Ｂ,時尚攝影 (另併１班),５,選,5,7,星期一,3,3,57,溫志維
1091,D2527,護理四Ａ,人際關係治療 (另併１班),７,選,7,8,星期一,2,2,51,楊靜芳
1091,D2533,護理四Ａ,兒童護理 (另併１班),５,選,5,6,星期一,2,2,30,張玠
1091,D2535,護理四Ａ,心理衛生護理議題研討 (另併１班),３,選,3,4,星期一,2,2,24,柯貞如
1091,D2582,企管四Ａ,中小企業管理,５,必,5,7,星期一,3,3,46,張淑婷
1091,D2579,企管四Ａ,連鎖企業管理,２,選,2,4,星期一,3,3,39,張又心
1091,D2625,保金四Ａ,財務數學,７,必,7,8,星期一,2,2,40,劉議謙
1091,D2626,保金四Ａ,銀行法規,３,必,3,4,星期一,2,2,40,黃麗夙
1091,D2627,保金四Ａ,職涯規劃,１,必,1,2,星期一,2,2,40,黃麗夙
1091,D2685,會資四Ａ,合併報表理論與實務,５,必,5,8,星期一,4,3,40,鄭凱文
1091,D2699,商設四Ａ,3D電腦繪圖,５,選,5,7,星期一,3,3,18,林峰正
1091,D2721,流管四Ａ,市場調查與預測 (另併１班),５,選,5,7,星期一,3,3,21,楊志文
1091,D2724,流管四Ａ,物流管理 (另併１班),２,選,2,4,星期一,3,3,69,劉彩霈
1091,D2763,資管四Ａ,物件導向系統分析與設計,２,必,2,4,星期一,3,3,49,柯志坤
1091,D2760,資管四Ａ,產業實習 (另併１班),１,選,1,9,星期一,9,9,8,姜琇森
1091,D2765,資管四Ａ,電子商務,５,必,5,7,星期一,3,3,48,黃秀美
1091,D2788,日語四Ａ,英文履歷與商務書信撰寫,３,必,3,4,星期一,2,2,40,湯馬丁
1091,D2831,英語四Ａ,貿易英文書信,３,必,3,4,星期一,2,2,34,陳桂芬
1091,D5833,英語四Ａ,會議英文與演練,７,必,7,8,星期一,2,2,15,梁彩玲
1091,D2825,英語四Ａ,領隊與導遊實務,５,選,5,6,星期一,2,2,50,尹雯華
1091,D2856,資應菁英班四Ａ,網路安全,２,必,2,4,星期一,3,3,38,駱榮問
1091,D2875,品設四Ａ,設計趨勢,７,選,7,8,星期一,2,2,31,蔡宜佳
1091,D2893,商經四Ａ,人工智慧與機器學習,２,選,2,4,星期一,3,3,16,張家瑋
1091,D2899,商經四Ａ,智慧商業實務,５,必,5,7,星期一,3,3,27,張育瑋
1091,D2438,老服三Ａ,生死學,７,選,7,8,星期一,2,2,31,蔡纓勳
1091,D2440,老服三Ａ,生活與照顧服務概論,５,選,5,6,星期一,2,2,40,邱美汝
1091,D2445,老服三Ａ,老人服務產業概論,３,必,3,4,星期一,2,2,40,梁亞文
1091,D2468,美容三Ａ,美體護膚與保健,５,必,5,7,星期一,3,3,43,蔡宜萱
1091,D2470,美容三Ａ,藥妝保養品學,３,必,3,4,星期一,2,2,56,林恩仕
1091,D2570,企管三Ａ,科技與創新管理,２,必,2,4,星期一,3,3,47,賴明弘
1091,D2602,保金三Ａ,風險與保險,５,必,5,7,星期一,3,3,43,謝淑慧
1091,D2603,保金三Ａ,應用統計,２,必,2,4,星期一,3,3,43,楊佑傑
1091,D5286,國貿三Ａ,商業英語會話 (學年),１,必,1,2,星期一,2,1,23,林慧洙
1091,D2639,國貿三Ａ,國際商展實務,３,必,3,4,星期一,2,2,47,陳玉蒼
1091,D2669,會資三Ａ,英語聽力與閱讀（一）,３,選,3,4,星期一,2,2,58,謝欽仰
1091,D2691,商設三Ａ,印刷構成,１,選,1,3,星期一,3,3,52,林佑蓁
1091,D2693,商設三Ａ,模型製作,７,選,7,9,星期一,3,3,25,古慈俐
1091,D2694,商設三Ａ,向量繪圖應用,４,選,4,6,星期一,3,3,54,張維真
1091,D2714,流管三Ａ,運輸學,２,選,2,4,星期一,3,3,45,楊志文
1091,D2718,流管三Ａ,電子商務,５,必,5,7,星期一,3,3,45,陳榮昌
1091,D2747,資管三Ａ,多媒體系統,２,必,2,4,星期一,3,3,56,戴偉勝
1091,D2750,資管三Ａ,資訊網路,５,必,5,7,星期一,3,3,57,駱榮問
1091,D5806,日語三Ａ,中日口譯（一）,５,必,5,6,星期一,2,2,19,林雅芬
1091,D2770,日語三Ａ,進階日語聽力（一） (另併１班),７,選,7,8,星期一,2,2,66,張瓊瑜
1091,D2781,日語三Ａ,國貿實務（一）,３,必,3,4,星期一,2,2,39,李嗣堯
1091,D2803,英語三Ａ,初級西班牙語 (學年),１,選,1,2,星期一,2,2,30,昝懿珍
1091,D2805,英語三Ａ,英語教學理論與實務 (學年) (另併１班),７,選,7,8,星期一,2,2,40,徐琍沂
1091,D2811,英語三Ａ,英語發表演練 (學年),３,必,3,4,星期一,2,2,23,李右芷
1091,D5794,英語三Ａ,英語發表演練 (學年),３,必,3,4,星期一,2,2,21,陳惠玲
1091,D2844,資應菁英班三Ａ,電子商務,２,必,2,4,星期一,3,3,43,王淑玲
1091,D2846,資應菁英班三Ａ,進階資料庫技術與應用,５,必,5,7,星期一,3,3,43,高元宏
1091,D2869,品設三Ａ,製造程序,７,必,7,9,星期一,3,3,36,吳銜容
1091,D2866,品設三Ａ,複合工藝創作,２,選,2,4,星期一,3,3,19,魏明仕
1091,D2882,商經三Ａ,作業管理,２,選,2,4,星期一,3,3,28,廖祿文
1091,D5567,通識三Ａ,心理學與自我成長 (社會科學領域),５,選,5,6,星期一,2,2,50,楊淳斐
1091,D5572,通識三Ａ,自然災害與永續發展 (自然科學領域),５,選,5,6,星期一,2,2,50,蔡嘉陽
1091,D5568,通識三Ａ,室內景觀與生活 (生活應用領域),５,選,5,6,星期一,2,2,52,蕭家孟
1091,D5569,通識三Ａ,電影與文化 (藝術領域),５,選,5,6,星期一,2,2,50,黃資絜
1091,D5767,通識三Ａ,臺灣文化資產與工藝 (人文領域),５,選,5,6,星期一,2,2,49,羅又睿
1091,D0042,老服四１,身心障礙照顧與支援,３,選,3,4,星期一,2,2,23,李蓉蓉
1091,D0047,老服四１,長期照顧機構總務管理,５,必,5,6,星期一,2,2,39,楊栢勳
1091,D6814,老服四１,進階醫護英文 (另併１班),７,選,7,8,星期一,2,2,47,徐幸琪
1091,D0300,企管四１,企業經營個案研討,２,選,2,4,星期一,3,3,46,張淑婷
1091,D0526,財稅四１,地方財政 (另併１班),２,選,2,4,星期一,3,3,43,馮永猷
1091,D0537,財稅四１,審計學 (學年),５,必,5,7,星期一,3,2,44,林玫君
1091,D1114,流管四１,智慧商務服務設計,５,選,5,7,星期一,3,3,36,蕭衛鴻
1091,D1248,資管四１,數位學習,５,選,5,7,星期一,3,3,24,黃天麒
1091,D5827,英語四１,會議英文與演練,５,必,5,6,星期一,2,2,23,梁彩玲
1091,D1431,企管系經營管理專班四１,連鎖商店管理,５,必,5,6,星期一,2,2,33,陳雅玲
1091,D1434,企管系經營管理專班四１,企業倫理與就業服務法 (學年),３,必,3,4,星期一,2,2,33,方威尊
1091,D5388,體育四１,運動與健康（三） - 桌球理論與實務,３,選,3,4,星期一,2,2,34,楊沛峰
1091,D0071,美容三１,時尚髮型設計,５,選,5,8,星期一,4,4,22,黃啟方
1091,D0075,美容三１,創新管理,３,必,3,4,星期一,2,2,42,黃宜純
1091,D0169,護理三１,研究概論,５,必,5,6,星期一,2,2,44,謝惠玲
1091,D0171,護理三１,兒科護理學及實驗,１,必,1,2,星期一,4,3,44,張玠
1091,D0178,護理三２,研究概論,３,必,3,4,星期一,2,2,44,謝惠玲
1091,D0180,護理三２,兒科護理學及實驗,５,必,5,6,星期一,4,3,43,劉千琪
1091,D0188,護理三３,內外科護理學及實驗（二）,５,必,5,7,星期一,5,4,47,蘇淑芬楊其璇怡懋．蘇米
1091,D0248,休閒三１,飲務管理,５,選,5,7,星期一,3,3,47,曾俊奇
1091,D0390,保金三１,日文（一） (學年) (另併１班),３,選,3,4,星期一,2,2,22,呂思盈
1091,D0386,保金三１,利率學,５,必,5,7,星期一,3,3,44,蘇真慧
1091,D0404,保金三２,投資學,５,必,5,7,星期一,3,3,40,廖采如
1091,D0492,財稅三１,個體經濟學（二） (另併１班),２,選,2,4,星期一,3,3,59,張淑華
1091,D0493,財稅三１,商用英文選讀（一） (另併１班),５,選,5,6,星期一,2,1,87,謝湘雯
1091,D0494,財稅三１,商業會計實務 (另併１班),７,選,7,9,星期一,3,3,55,王國揚
1091,D0731,國貿三１,國際貿易實務 (學年),２,必,2,4,星期一,3,3,45,楊維娟
1091,D0726,國貿三１,國際商展實務(全外語教學),５,必,5,6,星期一,2,2,46,陳玉蒼
1091,D0745,國貿三２,國際商展實務,５,必,5,6,星期一,2,2,42,蔡樹芬
1091,D0853,會資三１,成本與管理會計（二）,３,必,3,4,星期一,4,3,47,劉育秀
1091,D0870,會資三２,會計資訊系統 (學年),２,必,2,4,星期一,3,2,46,陳美嬪
1091,D0867,會資三２,成本與管理會計（二）,５,必,5,6,星期一,4,3,41,蔡京姐
1091,D0930,應統三１,實驗設計與分析,２,必,2,4,星期一,3,3,38,柯沛程
1091,D0968,多媒三１,三維電腦動畫,５,選,5,7,星期一,3,3,36,陳賢錫
1091,D1012,室設三１,電腦輔助設計,５,選,5,7,星期一,3,3,24,藍儒鴻
1091,D1017,室設三１,應用文與習作,３,必,3,4,星期一,2,2,42,陳柏全
1091,D1054,商設三１,模型製作,４,選,4,6,星期一,3,3,24,古慈俐
1091,D1059,商設三１,應用文與習作,１,必,1,2,星期一,2,2,56,吳東晟
1091,D1178,資工三１,嵌入式系統,５,必,5,7,星期一,3,3,68,陳永隆
1091,D1171,資工三１,網路程式設計,２,選,2,4,星期一,3,3,53,邱啟員
1091,D1239,資管三１,管理資訊系統,５,必,5,7,星期一,3,3,55,連俊瑋
1091,D1234,資管三１,巨量資料分析,２,選,2,4,星期一,3,3,51,林真伊
1091,D6586,應中三１,共通核心職能課程,５,選,5,7,星期一,3,0,20,洪錦淳張致苾
1091,D1287,應中三１,應用文與習作,３,必,3,4,星期一,2,2,40,吳東晟
1091,D1334,日語三１,中日口譯（一）,１,必,1,2,星期一,2,2,27,張宜樺
1091,D1337,日語三１,財經日文,３,必,3,4,星期一,2,2,54,葉東哲
1091,D1339,日語三１,國貿實務（一）,５,必,5,6,星期一,2,2,53,李嗣堯
1091,D1401,英語三１,西洋文學概論 (學年),５,必,5,6,星期一,2,2,54,姜葳
1091,D1393,英語三１,專題製作導論（一）,３,必,3,4,星期一,2,2,52,張文俐
1091,D1394,英語三１,應用文與習作,１,必,1,2,星期一,2,2,52,陳柏全
1091,D5542,通識三１,生活與化學 (自然科學領域),７,選,7,8,星期一,2,2,50,韓聖
1091,D5651,通識三１,全民國防教育軍事訓練（一） (生活應用領域),７,選,7,8,星期一,2,2,35,李文夆
1091,D5544,通識三１,打擊樂器演奏入門 (藝術領域),７,選,7,8,星期一,2,2,50,蘇卉旻
1091,D5541,通識三１,社會發展與台灣戲劇 (社會科學領域),７,選,7,8,星期一,2,2,50,黃資絜
1091,D5766,通識三１,臺灣文化資產與工藝 (人文領域),７,選,7,8,星期一,2,2,50,羅又睿
1091,D0016,老服二１,民主憲政與法治,５,必,5,6,星期一,2,2,40,涂力旋
1091,D0015,老服二１,健康照顧體系概論,７,選,7,8,星期一,2,2,40,楊栢勳
1091,D0062,美容二１,化妝品原料學,５,必,5,6,星期一,2,2,48,林恩仕
1091,D0067,美容二１,美容專業英語,７,必,7,8,星期一,2,2,46,蔡佩倫
1091,D0134,護理二１,生理學實驗,３,必,3,4,星期一,2,1,45,洪慧娟
1091,D0139,護理二１,基本護理學及實驗（二）,５,必,5,8,星期一,6,3,41,孫嘉玲
1091,D0149,護理二２,應用文與習作,５,必,5,6,星期一,2,2,40,陳柏全
1091,D0151,護理二２,基本護理學及實驗（二）,１,必,1,4,星期一,6,3,40,鄭美莉王萱萁
1091,D0158,護理二３,生理學實驗,５,必,5,6,星期一,2,1,36,洪慧娟
1091,D0237,休閒二１,人力資源管理,２,必,2,4,星期一,3,3,53,韓聖
1091,D0241,休閒二１,生涯運動 (學年),５,必,5,6,星期一,2,0,0,體育老師
1091,D0280,企管二１,生涯運動 (學年),７,必,7,8,星期一,2,0,0,體育老師
1091,D0357,保金二１,生涯運動 (學年),５,必,5,6,星期一,2,0,0,體育老師
1091,D0352,保金二１,保險法規,２,必,2,4,星期一,3,3,46,劉俊廷
1091,D0371,保金二２,生涯運動 (學年),７,必,7,8,星期一,2,0,0,體育老師
1091,D0367,保金二２,風險管理策略,５,必,5,6,星期一,3,3,43,劉俊廷
1091,D5862,保金二２,理財規劃,２,選,2,4,星期一,3,3,45,卓翠月
1091,D0473,財稅二１,生涯運動 (學年),５,必,5,6,星期一,2,0,0,體育老師
1091,D0475,財稅二１,財政學 (學年),２,必,2,4,星期一,3,3,45,黃淑惠
1091,D0483,財稅二２,生涯運動 (學年),７,必,7,8,星期一,2,0,0,體育老師
1091,D0484,財稅二２,租稅法規 (學年),５,必,5,6,星期一,2,2,48,黃淑惠
1091,D0481,財稅二２,臺灣開發史,３,必,3,4,星期一,2,2,49,郭鎧銘
1091,D0594,財金二１,生涯運動 (學年),５,必,5,6,星期一,2,0,0,體育老師
1091,D0590,財金二１,個體經濟學,２,必,2,4,星期一,3,3,51,李靜芠
1091,D0592,財金二１,臺灣開發史,７,必,7,8,星期一,2,2,50,郭鎧銘
1091,D0609,財金二２,生涯運動 (學年),７,必,7,8,星期一,2,0,0,體育老師
1091,D0606,財金二２,貨幣銀行學,２,必,2,4,星期一,3,3,57,邱臙珍
1091,D0607,財金二２,臺灣開發史,５,必,5,6,星期一,2,2,52,魏嚴堅
1091,D0695,國貿二１,生涯運動 (學年),５,必,5,6,星期一,2,0,0,體育老師
1091,D0710,國貿二２,生涯運動 (學年),７,必,7,8,星期一,2,0,0,體育老師
1091,D0712,國貿二２,國際貿易理論與政策 (學年),５,必,5,6,星期一,2,2,45,楊政郎
1091,D0828,會資二１,生涯運動 (學年),５,必,5,6,星期一,2,0,0,體育老師
1091,D0840,會資二２,日文（一） (學年) (另併１班),１,選,1,2,星期一,2,2,49,呂思盈
1091,D0841,會資二２,生涯運動 (學年),７,必,7,8,星期一,2,0,0,體育老師
1091,D0839,會資二２,中級會計（二）,５,必,5,6,星期一,5,4,55,溫宜潔
1091,D0924,應統二１,生涯運動 (學年),５,必,5,6,星期一,2,0,0,體育老師
1091,D0917,應統二１,統計應用數學,２,選,2,4,星期一,3,3,42,朱蘊鑛
1091,D0922,應統二１,臺灣開發史,７,必,7,8,星期一,2,2,45,魏嚴堅
1091,D0966,多媒二１,生涯運動 (學年),５,必,5,6,星期一,2,0,0,體育老師
1091,D0960,多媒二１,數位影片製作,２,選,2,4,星期一,3,3,66,曾志峰
1091,D1008,室設二１,生涯運動 (學年),７,必,7,8,星期一,2,0,0,體育老師
1091,D1007,室設二１,電腦輔助室內設計製圖,２,必,2,4,星期一,3,3,52,藍儒鴻
1091,D1048,商設二１,生涯運動 (學年),５,必,5,6,星期一,2,0,0,體育老師
1091,D1091,流管二１,生涯運動 (學年),５,必,5,6,星期一,2,0,0,體育老師
1091,D1084,流管二１,財務管理,２,選,2,4,星期一,3,3,70,許義忠
1091,D1145,資工二１,工程數學,１,必,1,3,星期一,3,3,44,林春宏
1091,D1152,資工二１,生涯運動 (學年),７,必,7,8,星期一,2,0,0,體育老師
1091,D1165,資工二２,生涯運動 (學年),７,必,7,8,星期一,2,0,0,體育老師
1091,D1162,資工二２,資料結構,１,必,1,3,星期一,3,3,36,陳世穎
1091,D1155,資工二２,電子商務安全 (另併１班),４,選,4,6,星期一,3,3,62,張雅芬
1091,D1219,資管二１,人力資源管理,２,必,2,4,星期一,3,3,51,張玲娥
1091,D1223,資管二１,生涯運動 (學年),７,必,7,8,星期一,2,0,0,體育老師
1091,D1276,應中二１,生涯運動 (學年),７,必,7,8,星期一,2,0,0,體育老師
1091,D1270,應中二１,語言與認知,２,選,2,4,星期一,3,3,50,張群
1091,D1322,日語二１,生涯運動 (學年),７,必,7,8,星期一,2,0,0,體育老師
1091,D1379,英語二１,生涯運動 (學年),５,必,5,6,星期一,2,0,0,體育老師
1091,D1381,英語二１,商用英語會話 (學年),７,必,7,8,星期一,2,2,26,莫利斯
1091,D5830,英語二１,商用英語會話 (學年),７,必,7,8,星期一,2,2,22,李華德
1091,D1382,英語二１,現代英美文化主題閱讀 (學年),２,必,2,4,星期一,3,3,54,劉世明
1091,D5810,通識二１,全民國防教育軍事訓練（五） (生活應用領域),３,選,3,4,星期一,2,2,39,林進士
1091,D5514,通識二１,身心整合與心理健康 (生活應用領域),３,選,3,4,星期一,2,2,50,楊淳斐
1091,D5513,通識二１,文創產業與行銷策略 (社會科學領域),３,選,3,4,星期一,2,2,50,黃漢青
1091,D5649,通識二１,流行音樂理論與作曲實務 (藝術領域),３,選,3,4,星期一,2,2,50,賴建宇
1091,D5515,通識二１,數位學習與大數據應用 (自然科學領域),３,選,3,4,星期一,2,2,50,侯幸雨
1091,D5337,體育二１,生涯運動 - 保齡球１,５,必,5,6,星期一,2,0,36,王建邦
1091,D5338,體育二１,生涯運動 - 桌球１,５,必,5,6,星期一,2,0,40,劉金鎗
1091,D5339,體育二１,生涯運動 - 排球1,５,必,5,6,星期一,2,0,42,張合富
1091,D5340,體育二１,生涯運動 - 籃球,５,必,5,6,星期一,2,0,32,陳明宏
1091,D5341,體育二１,生涯運動 - 高爾夫球,５,必,5,6,星期一,2,0,30,黃僅喻
1091,D5343,體育二１,生涯運動 - 健身運動,５,必,5,6,星期一,2,0,36,李建平
1091,D5344,體育二１,生涯運動 - 多功能有氧舞蹈,５,必,5,6,星期一,2,0,36,陳盈幸
1091,D5346,體育二１,生涯運動 - 羽球,５,必,5,6,星期一,2,0,36,李俊杰
1091,D5347,體育二１,生涯運動 - 瑜珈,５,必,5,6,星期一,2,0,36,張珈瑛
1091,D5349,體育二１,生涯運動 - 壘球,５,必,5,6,星期一,2,0,42,林東興
1091,D5350,體育二１,生涯運動 - 健康有氧舞蹈,５,必,5,6,星期一,2,0,30,楊育寧
1091,D5351,體育二１,生涯運動 - 飛鏢,５,必,5,6,星期一,2,0,36,謝沛蓁
1091,D5408,體育二１,生涯運動 - 撞球,５,必,5,6,星期一,2,0,36,鄧政顯
1091,D5409,體育二１,生涯運動 - 桌球２,５,必,5,6,星期一,2,0,40,莊哲偉
1091,D5410,體育二１,生涯運動 - 蛙泳,５,必,5,6,星期一,2,0,26,廖本暉
1091,D5352,體育二２,生涯運動 - 保齡球１,７,必,7,8,星期一,2,0,41,王建邦
1091,D5353,體育二２,生涯運動 - 桌球１,７,必,7,8,星期一,2,0,40,劉金鎗
1091,D5354,體育二２,生涯運動 - 排球1,７,必,7,8,星期一,2,0,42,張合富
1091,D5356,體育二２,生涯運動 - 籃球,７,必,7,8,星期一,2,0,41,陳明宏
1091,D5357,體育二２,生涯運動 - 高爾夫球,７,必,7,8,星期一,2,0,29,黃僅喻
1091,D5359,體育二２,生涯運動 - 健身運動,７,必,7,8,星期一,2,0,36,李建平
1091,D5360,體育二２,生涯運動 - 多功能有氧舞蹈,７,必,7,8,星期一,2,0,36,陳盈幸
1091,D5361,體育二２,生涯運動 - 桌球２,７,必,7,8,星期一,2,0,40,莊哲偉
1091,D5362,體育二２,生涯運動 - 羽球,７,必,7,8,星期一,2,0,36,李俊杰
1091,D5363,體育二２,生涯運動 - 瑜珈,７,必,7,8,星期一,2,0,36,張珈瑛
1091,D5364,體育二２,生涯運動 - 健康有氧舞蹈,７,必,7,8,星期一,2,0,30,楊育寧
1091,D5365,體育二２,生涯運動 - 飛鏢,７,必,7,8,星期一,2,0,33,謝沛蓁
1091,D5417,體育二２,生涯運動 - 撞球,７,必,7,8,星期一,2,0,36,鄧政顯
1091,D5419,體育二２,生涯運動 - 綜合運動-網球/匹克球,７,必,7,8,星期一,2,0,30,黃嘉笙
1091,D5420,體育二２,生涯運動 - 蛙泳,７,必,7,8,星期一,2,0,25,廖本暉
1091,D5228,語言二１,英語聽力與閱讀（一）,５,選,5,6,星期一,2,2,52,劉宜蕙
1091,D5229,語言二２,英語聽力與閱讀（一）,７,選,7,8,星期一,2,2,58,劉宜蕙
1091,D5230,語言二３,英語聽力與閱讀（一）,５,選,5,6,星期一,2,2,50,柯品婕
1091,D5231,語言二４,英語聽力與閱讀（一）,７,選,7,8,星期一,2,2,56,李一帆
1091,D0001,老服一１,健康經濟學,５,必,5,6,星期一,2,2,48,李卓倫
1091,D0002,老服一１,管理學,１,必,1,2,星期一,2,2,49,梁亞文
1091,D0004,老服一１,生活與照顧服務概論,７,必,7,8,星期一,2,2,49,邱美汝
1091,D0055,美容一１,美容化學與實驗,５,必,5,7,星期一,3,3,52,趙永賀
1091,D0091,護理一１,民主憲政與法治,７,必,7,8,星期一,2,2,44,涂力旋
1091,D0092,護理一１,生物化學,５,必,5,6,星期一,2,2,44,湯曉君
1091,D0094,護理一１,解剖學,３,必,3,4,星期一,2,2,49,王慈娟
1091,D0104,護理一２,民主憲政與法治,５,必,5,6,星期一,2,2,38,陳世杰
1091,D0107,護理一２,解剖學,７,必,7,8,星期一,2,2,38,王慈娟
1091,D0108,護理一２,學涯規劃,２,必,2,2,星期一,1,1,40,劉家佑
1091,D0109,護理一２,營養學,３,必,3,4,星期一,2,2,41,孫嘉玲
1091,D0117,護理一３,民主憲政與法治,７,必,7,8,星期一,2,2,38,陳世杰
1091,D0120,護理一３,解剖學,５,必,5,6,星期一,2,2,41,王慈娟
1091,D0216,休閒一１,休閒應用日語（一）,５,選,5,6,星期一,2,2,59,蔡承甫
1091,D0224,休閒一１,國文 (學年),７,必,7,8,星期一,2,2,53,鄭美惠
1091,D0226,休閒一１,經濟學 (學年),２,必,2,4,星期一,3,3,64,張李淑容洪淑宜
1091,D0262,企管一１,微積分,５,必,5,7,星期一,3,3,65,張詠盛
1091,D0269,企管一１,經濟學 (學年),２,必,2,4,星期一,3,3,59,陳柏儒
1091,D0263,企管一１,學涯規劃,１,必,1,1,星期一,1,1,61,游曉薇
1091,D0320,保金一１,英語檢定（一） (學年),３,選,3,4,星期一,2,1,22,魏毓瑛
1091,D0327,保金一１,經濟學 (學年),５,必,5,7,星期一,3,3,47,邱泰穎
1091,D0316,保金一１,學涯規劃,２,必,2,2,星期一,1,1,44,游曉薇
1091,D0344,保金一２,經濟學 (學年),２,必,2,4,星期一,3,3,45,邱泰穎
1091,D0332,保金一２,資料處理,７,選,7,8,星期一,2,2,20,陸虹妙
1091,D0333,保金一２,學涯規劃,１,必,1,1,星期一,1,1,46,劉家佑
1091,D0334,保金一２,大學之道,５,必,5,6,星期一,2,2,43,周芳怡
1091,D0443,財稅一１,民法,７,必,7,9,星期一,3,3,58,謝蕙如
1091,D0442,財稅一１,國際禮儀 (另併１班),１,選,1,2,星期一,3,3,62,陳淑娟林冰如
1091,D0450,財稅一１,微積分 (學年),５,必,5,6,星期一,2,2,47,張瀞云
1091,D0465,財稅一２,會計學（一） (學年),５,必,5,7,星期一,5,4,48,張允文
1091,D0459,財稅一２,大學之道,３,必,3,4,星期一,2,2,51,游曉薇
1091,D0554,財金一１,行銷管理,５,選,5,7,星期一,3,3,47,李安珮
1091,D0555,財金一１,商用英語會話（一）,３,選,3,4,星期一,2,1,43,徐惠萍
1091,D0563,財金一１,國文 (學年),１,必,1,2,星期一,2,2,49,廖芮茵
1091,D0569,財金一２,行銷管理,２,選,2,4,星期一,3,3,46,許維智
1091,D0576,財金一２,初級會計學 (學年),７,必,7,8,星期一,4,3,49,陳佳宜
1091,D0573,財金一２,大學之道,５,必,5,6,星期一,2,2,47,何昕家
1091,D0667,國貿一１,會計學 (學年),１,必,1,3,星期一,3,3,48,陳佳宜
1091,D0662,國貿一１,程式設計與應用,５,必,5,7,星期一,3,3,48,林維展
1091,D0681,國貿一２,會計學 (學年),４,必,4,6,星期一,3,3,47,陳佳宜
1091,D0682,國貿一２,經濟學 (學年),１,必,1,3,星期一,3,3,48,黃美卿
1091,D0793,會資一１,民法,２,必,2,4,星期一,3,3,49,李宏仁
1091,D0802,會資一１,微積分 (學年),５,必,5,6,星期一,3,3,50,黃韞臻
1091,D0798,會資一１,程式設計與應用,７,必,7,8,星期一,2,2,50,林裕章
1091,D0807,會資一２,企業管理,７,必,7,9,星期一,3,3,49,林秀霞
1091,D0815,會資一２,微積分 (學年),２,必,2,3,星期一,3,3,49,黃韞臻
1091,D0811,會資一２,程式設計與應用,５,必,5,6,星期一,2,2,54,林裕章
1091,D0911,應統一１,統計學 (學年),５,必,5,7,星期一,3,3,49,楊佑傑
1091,D0913,應統一１,經濟學 (學年),２,必,2,4,星期一,3,3,45,張瀞云
1091,D0949,多媒一１,設計史,５,必,5,6,星期一,2,2,56,陳凱劭
1091,D0950,多媒一１,學涯規劃,７,必,7,7,星期一,1,1,56,薛家欣
1091,D0956,多媒一１,體育 (學年),３,必,3,4,星期一,2,0,56,張素珠
1091,D0989,室設一１,基礎設計,２,必,2,6,星期一,5,4,34,王伶芳
1091,D5248,室設一１,基礎設計,２,必,2,6,星期一,5,4,25,葉佳隴
1091,D5249,室設一１,基礎設計,２,必,2,6,星期一,5,4,0,林志銘
1091,D0991,室設一１,學涯規劃,７,必,7,7,星期一,1,1,55,林育秀
1091,D1037,商設一１,體育 (學年),３,必,3,4,星期一,2,0,55,王建邦
1091,D1078,流管一１,國文 (學年),１,必,1,2,星期一,2,2,51,賴怡璇
1091,D1080,流管一１,會計學 (學年),５,必,5,7,星期一,3,2,54,張李淑容
1091,D1082,流管一１,體育 (學年),３,必,3,4,星期一,2,0,53,莊清泉
1091,D1126,資工一１,國文 (學年),１,必,1,2,星期一,2,2,54,卓素絹
1091,D1121,資工一１,程式設計,５,必,5,8,星期一,4,3,52,陳同孝洪維恩郭育勳
1091,D1137,資工一２,國文 (學年),１,必,1,2,星期一,2,2,52,張莉涓
1091,D1138,資工一２,微積分 (學年),６,必,6,8,星期一,3,3,53,林春宏
1091,D1133,資工一２,學涯規劃,３,必,3,3,星期一,1,1,52,劉家佑
1091,D1209,資管一１,國文 (學年),１,必,1,2,星期一,2,2,50,李妮庭
1091,D1205,資管一１,會計學,５,必,5,7,星期一,3,3,58,張瑞元
1091,D1263,應中一１,國文 (學年),５,必,5,6,星期一,2,2,48,王千宜
1091,D1264,應中一１,體育 (學年),３,必,3,4,星期一,2,0,49,劉記帆
1091,D1256,應中一１,歷代詩選及習作,７,選,7,9,星期一,3,3,41,洪錦淳
1091,D1304,日語一１,日文（一）,７,必,7,8,星期一,4,4,30,林雅芬
1091,D1299,日語一１,日語語法（一）,５,選,5,6,星期一,2,2,24,林高德
1091,D1310,日語一１,體育 (學年),３,必,3,4,星期一,2,0,46,馬義傑
1091,D5791,英語一１,句型與段落習作 (學年),１,必,1,2,星期一,2,2,28,何瑞蓮
1091,D1361,英語一１,字彙與閱讀 (學年),５,必,5,7,星期一,3,3,57,陳惠玲
1091,D1353,英語一１,英語會話,３,必,3,4,星期一,2,2,26,盛凱翺
1091,D5792,英語一１,英語會話,３,必,3,4,星期一,2,2,27,馬丁
1091,D5632,通識一１,自然生態與環境保育 (自然科學領域),１,選,1,2,星期一,2,2,43,蕭戎
1091,D5633,通識一１,建築美學 (藝術領域),１,選,1,2,星期一,2,2,49,何昕家
1091,D5631,通識一１,人際關係與自我成長 (生活應用領域),１,選,1,2,星期一,2,2,50,施幸利
1091,D5504,通識一１,社會發展與規劃設計 (社會科學領域),１,選,1,2,星期一,2,2,50,黃孟儒
1091,D5212,語言一１,越南語 (學年),５,選,5,6,星期一,2,2,20,阮氏蕾
1091,D3169,企管所研二,多變量分析,５,選,5,6,星期一,3,3,15,李家瑩
1091,D3170,企管所研二,品牌管理,２,選,2,4,星期一,3,3,8,唐運佳
1091,D3276,會資所研二,內部稽核與控制研究,２,選,2,4,星期一,3,3,10,陳恊銓
1091,D3430,商設所研二,論文/專題創作 (學年),２,必,2,4,星期一,3,3,28,各指導教授
1091,D3446,流管所研二,物流中心設計與規劃,５,選,5,7,星期一,3,3,4,陳志騰
1091,D3615,保金所研二,再保險研究,７,選,7,9,星期一,3,3,6,楊誠對洪麗淇吳福山
1091,D3193,稅管所研一,租稅救濟與訴訟案例研討 (另併１班),７,選,7,9,星期一,3,3,6,陳貴端
1091,D3195,稅管所研一,財務風險管理 (另併１班),２,選,2,4,星期一,3,3,8,黃劭彥
1091,D3237,財金所研一,合併與收購,２,選,2,4,星期一,3,3,10,林幸宜
1091,D3243,財金所研一,產業經濟分析,５,選,5,7,星期一,3,3,12,李靜芠
1091,D3273,會資所研一,財務會計理論,５,必,5,7,星期一,3,3,13,蘇淑慧
1091,D3271,會資所研一,會計資訊系統專題研討,２,選,2,4,星期一,3,3,15,盧正宗
1091,D3319,多媒所研一,進階網頁應用程式開發 (另併１班),２,選,2,4,星期一,3,3,7,黃國峰
1091,D3394,商設所研一,設計史專論 (另併１班),７,選,7,8,星期一,2,2,7,鄭夙恩
1091,D3408,商設所研一,設計實務研究,２,必,2,4,星期一,3,3,19,趙樹人
1091,D3472,資工所研一,高等作業系統 (另併１班),２,選,2,4,星期一,3,3,22,盧永豐
1091,D3554,資管所研一,機器學習 (另併１班),５,選,5,7,星期一,3,3,15,姜琇森
1091,D3555,資管所研一,顧客關係管理 (另併１班),２,選,2,4,星期一,3,3,13,陳志騰
1091,D3641,美容所研一,健康美容產業發展,５,必,5,7,星期一,3,3,12,黃宜純
1091,D3642,美容所研一,統計分析與應用,１,必,1,9,星期一,3,3,12,溫坤禮
1091,D3639,美容所研一,藝術與造型專論,２,選,2,4,星期一,3,3,12,黃啟方
